RequestID,Title,RequestType,ProcessArea,RiskLevel,Priority,Status,Description,RequesterName,RequesterEmail,RequesterDepartment,AssignedAnalyst,AssignedAnalystEmail,ComplianceTeam,SubmissionDateTime,TargetDueDateTime,CompletionDateTime,SLATargetHours,SLABreachFlag,ApprovalRequired,ApprovedBy,ApprovalDate,EscalationFlag,EscalatedTo,EscalationReason,ClosureNotes,CreatedDate,ModifiedDate
CR-2026-0001,Policy Exception - Boreal Energy Holdings,Policy Exception,Policy & Governance,Medium,Medium,Closed,Trading desk seeking temporary 5-day risk limit headroom variance pending quarterly settlement window. Counterparty: Boreal Energy Holdings. Request initiated by Corporate Onboarding.,Claire Dupont,claire.dupont@complyflow-demo.internal,Corporate Onboarding,Chen Wei,chen.wei@complyflow-demo.internal,Sanctions Advisory,2026-07-05 20:56:54,2026-07-10 20:56:54,2026-07-08 20:37:12,120,0,0,,,0,,,Review successfully concluded and verified under Policy & Governance compliance requirements.,2026-07-05 19:00:54,2026-07-08 20:37:12
CR-2026-0002,PEP Review - Crestview Private Wealth Trust,PEP Review,KYC Operations,Medium,High,Pending Approval,Screening alert match identifying a non-executive director with senior political nexus; enhanced due diligence required. Counterparty: Crestview Private Wealth Trust. Request initiated by Wealth Management.,Tariq Al-Mansoor,tariq.mansoor@complyflow-demo.internal,Wealth Management,Aisha Patel,aisha.patel@complyflow-demo.internal,Financial Crime Compliance,2026-09-25 22:41:22,2026-09-30 22:41:22,,120,0,1,,,0,,,,2026-09-25 21:50:22,2026-09-26 01:21:56
CR-2026-0003,KYC Review - Solaris Capital Partners,KYC Review,Customer Onboarding,Low,Low,Submitted,"Periodic review of corporate registration, ultimate beneficial ownership (UBO) structure (>25%), and proof of operating address. Counterparty: Solaris Capital Partners. Request initiated by Institutional Sales.",Mateo Silva,mateo.silva@complyflow-demo.internal,Institutional Sales,,,Sanctions Advisory,2026-09-26 07:12:16,2026-10-06 07:12:16,,240,0,0,,,0,,,,2026-09-26 06:07:16,2026-09-26 09:21:37
CR-2026-0004,KYC Review - Novalink Digital Payments,KYC Review,KYC Operations,Critical,Critical,Pending Approval,"Periodic review of corporate registration, ultimate beneficial ownership (UBO) structure (>25%), and proof of operating address. Counterparty: Novalink Digital Payments. Request initiated by Institutional Sales.",Mateo Silva,mateo.silva@complyflow-demo.internal,Institutional Sales,Aisha Patel,aisha.patel@complyflow-demo.internal,Financial Crime Compliance,2026-09-16 21:28:58,2026-09-17 21:28:58,,24,1,1,,,0,,,,2026-09-16 19:52:58,2026-09-17 01:16:32
CR-2026-0005,KYC Review - Atlas Clearing Services SA,KYC Review,Customer Onboarding,Medium,Medium,Closed,"Periodic review of corporate registration, ultimate beneficial ownership (UBO) structure (>25%), and proof of operating address. Counterparty: Atlas Clearing Services SA. Request initiated by Corporate Onboarding.",Claire Dupont,claire.dupont@complyflow-demo.internal,Corporate Onboarding,Chen Wei,chen.wei@complyflow-demo.internal,Sanctions Advisory,2026-08-31 15:36:43,2026-09-05 15:36:43,2026-09-02 04:50:35,120,0,0,,,0,,,Review successfully concluded and verified under Customer Onboarding compliance requirements.,2026-08-31 15:22:43,2026-09-02 04:50:35
CR-2026-0006,AML Transaction Inquiry - Atlas Clearing Services SA,AML Transaction Inquiry,AML Operations,Medium,Medium,Closed,Secondary investigation into structured cross-border wire transfers exceeding internal surveillance thresholds. Counterparty: Atlas Clearing Services SA. Request initiated by Corporate Onboarding.,Grace Hopper,grace.hopper@complyflow-demo.internal,Corporate Onboarding,Liam O'Connor,liam.oconnor@complyflow-demo.internal,Sanctions Advisory,2026-08-02 11:00:55,2026-08-07 11:00:55,2026-08-03 21:00:35,120,0,0,,,0,,,Review concluded with rejection. Counterparty documentation failed verification under AML Operations risk policy.,2026-08-02 10:24:55,2026-08-03 21:00:35
CR-2026-0007,PEP Review - Merlion Maritime Trading Ltd,PEP Review,AML Operations,Low,Low,Pending Approval,Screening alert match identifying a non-executive director with senior political nexus; enhanced due diligence required. Counterparty: Merlion Maritime Trading Ltd. Request initiated by Corporate Onboarding.,Grace Hopper,grace.hopper@complyflow-demo.internal,Corporate Onboarding,Aisha Patel,aisha.patel@complyflow-demo.internal,Financial Crime Compliance,2026-09-25 09:21:41,2026-10-05 09:21:41,,240,0,1,,,0,,,,2026-09-25 07:43:41,2026-09-25 15:57:56
CR-2026-0008,AML Transaction Inquiry - Crestview Private Wealth Trust,AML Transaction Inquiry,AML Operations,Medium,Medium,Closed,Secondary investigation into structured cross-border wire transfers exceeding internal surveillance thresholds. Counterparty: Crestview Private Wealth Trust. Request initiated by Institutional Sales.,James Wilson,james.wilson@complyflow-demo.internal,Institutional Sales,Sofia Rodriguez,sofia.rodriguez@complyflow-demo.internal,Regulatory Operations,2026-07-14 10:48:44,2026-07-19 10:48:44,2026-07-21 10:27:44,120,1,0,,,1,Operational Queue Manager,Complex jurisdictional nexus requiring specialist review.,Review successfully concluded and verified under AML Operations compliance requirements.,2026-07-14 08:54:44,2026-07-21 10:27:44
CR-2026-0009,Sanctions Review - Apex Global Logistics Ltd,Sanctions Review,Sanctions,Medium,Medium,Closed,Pre-trade vessel and counterparty screening for freight handling near conditional maritime jurisdictions. Counterparty: Apex Global Logistics Ltd. Request initiated by Trade Operations.,Hannah Schmidt,hannah.schmidt@complyflow-demo.internal,Trade Operations,Liam O'Connor,liam.oconnor@complyflow-demo.internal,Sanctions Advisory,2026-09-05 04:59:38,2026-09-10 04:59:38,2026-09-08 16:51:21,120,0,0,,,0,,,Review successfully concluded and verified under Sanctions compliance requirements.,2026-09-05 04:54:38,2026-09-08 16:51:21
CR-2026-0010,KYC Review - Atlas Clearing Services SA,KYC Review,KYC Operations,Low,Low,Closed,"Periodic review of corporate registration, ultimate beneficial ownership (UBO) structure (>25%), and proof of operating address. Counterparty: Atlas Clearing Services SA. Request initiated by Institutional Sales.",James Wilson,james.wilson@complyflow-demo.internal,Institutional Sales,Chen Wei,chen.wei@complyflow-demo.internal,Sanctions Advisory,2026-07-20 09:04:09,2026-07-30 09:04:09,2026-07-22 05:29:35,240,0,0,,,0,,,Review successfully concluded and verified under KYC Operations compliance requirements.,2026-07-20 08:52:09,2026-07-22 05:29:35
CR-2026-0011,Sanctions Review - Merlion Maritime Trading Ltd,Sanctions Review,Customer Onboarding,Low,Low,Closed,Pre-trade vessel and counterparty screening for freight handling near conditional maritime jurisdictions. Counterparty: Merlion Maritime Trading Ltd. Request initiated by Treasury.,Oliver Queen,oliver.queen@complyflow-demo.internal,Treasury,Liam O'Connor,liam.oconnor@complyflow-demo.internal,Sanctions Advisory,2026-07-25 08:10:54,2026-08-04 08:10:54,2026-08-07 00:30:06,240,1,0,,,0,,,Review successfully concluded and verified under Customer Onboarding compliance requirements.,2026-07-25 07:35:54,2026-08-07 00:30:06
CR-2026-0012,PEP Review - Horizon Commodity Trading UK,PEP Review,Customer Onboarding,Medium,Medium,Closed,Screening alert match identifying a non-executive director with senior political nexus; enhanced due diligence required. Counterparty: Horizon Commodity Trading UK. Request initiated by Wealth Management.,Tariq Al-Mansoor,tariq.mansoor@complyflow-demo.internal,Wealth Management,Marcus Brody,marcus.brody@complyflow-demo.internal,Regulatory Operations,2026-07-25 18:58:45,2026-07-30 18:58:45,2026-07-26 23:58:23,120,0,0,,,0,,,Review successfully concluded and verified under Customer Onboarding compliance requirements.,2026-07-25 18:13:45,2026-07-26 23:58:23
CR-2026-0013,PEP Review - Horizon Commodity Trading UK,PEP Review,Customer Onboarding,Medium,High,Closed,Screening alert match identifying a non-executive director with senior political nexus; enhanced due diligence required. Counterparty: Horizon Commodity Trading UK. Request initiated by Treasury.,Oliver Queen,oliver.queen@complyflow-demo.internal,Treasury,Aisha Patel,aisha.patel@complyflow-demo.internal,Financial Crime Compliance,2026-08-08 05:25:08,2026-08-13 05:25:08,2026-08-12 01:16:39,120,0,0,,,0,,,Review successfully concluded and verified under Customer Onboarding compliance requirements.,2026-08-08 05:04:08,2026-08-12 01:16:39
CR-2026-0014,KYC Review - Zephyr Commercial Freight,KYC Review,KYC Operations,Critical,Critical,Escalated,"Periodic review of corporate registration, ultimate beneficial ownership (UBO) structure (>25%), and proof of operating address. Counterparty: Zephyr Commercial Freight. Request initiated by Institutional Sales.",James Wilson,james.wilson@complyflow-demo.internal,Institutional Sales,Chen Wei,chen.wei@complyflow-demo.internal,Sanctions Advisory,2026-09-15 04:15:29,2026-09-16 04:15:29,,24,1,1,,,1,Head of Compliance,Automated escalation: Target SLA turnaround breached.,,2026-09-15 03:32:29,2026-09-15 05:59:00
CR-2026-0015,Policy Exception - Novalink Digital Payments,Policy Exception,Policy & Governance,Low,Low,Closed,Trading desk seeking temporary 5-day risk limit headroom variance pending quarterly settlement window. Counterparty: Novalink Digital Payments. Request initiated by Corporate Onboarding.,Claire Dupont,claire.dupont@complyflow-demo.internal,Corporate Onboarding,Chen Wei,chen.wei@complyflow-demo.internal,Sanctions Advisory,2026-08-21 14:12:41,2026-08-31 14:12:41,2026-08-26 15:07:13,240,0,0,,,0,,,Review successfully concluded and verified under Policy & Governance compliance requirements.,2026-08-21 12:40:41,2026-08-26 15:07:13
CR-2026-0016,KYC Review - Solaris Capital Partners,KYC Review,Customer Onboarding,Medium,High,Closed,"Periodic review of corporate registration, ultimate beneficial ownership (UBO) structure (>25%), and proof of operating address. Counterparty: Solaris Capital Partners. Request initiated by Institutional Sales.",Mateo Silva,mateo.silva@complyflow-demo.internal,Institutional Sales,Marcus Brody,marcus.brody@complyflow-demo.internal,Regulatory Operations,2026-07-28 11:09:39,2026-08-02 11:09:39,2026-07-31 03:30:07,120,0,0,,,1,Operational Queue Manager,Complex jurisdictional nexus requiring specialist review.,Review successfully concluded and verified under Customer Onboarding compliance requirements.,2026-07-28 10:31:39,2026-07-31 03:30:07
CR-2026-0017,KYC Review - Solaris Capital Partners,KYC Review,KYC Operations,Low,Low,Pending Approval,"Periodic review of corporate registration, ultimate beneficial ownership (UBO) structure (>25%), and proof of operating address. Counterparty: Solaris Capital Partners. Request initiated by Treasury.",Oliver Queen,oliver.queen@complyflow-demo.internal,Treasury,Aisha Patel,aisha.patel@complyflow-demo.internal,Financial Crime Compliance,2026-09-20 09:44:56,2026-09-30 09:44:56,,240,0,1,,,0,,,,2026-09-20 09:34:56,2026-09-20 13:18:05
CR-2026-0018,KYC Review - Atlas Clearing Services SA,KYC Review,Customer Onboarding,High,High,Closed,"Periodic review of corporate registration, ultimate beneficial ownership (UBO) structure (>25%), and proof of operating address. Counterparty: Atlas Clearing Services SA. Request initiated by Trade Operations.",Hannah Schmidt,hannah.schmidt@complyflow-demo.internal,Trade Operations,Marcus Brody,marcus.brody@complyflow-demo.internal,Regulatory Operations,2026-07-19 06:01:41,2026-07-22 06:01:41,2026-07-21 09:41:27,72,0,1,David Sterling,2026-07-20 23:45:30,0,,,Review successfully concluded and verified under Customer Onboarding compliance requirements.,2026-07-19 05:26:41,2026-07-21 09:41:27
CR-2026-0019,Sanctions Review - Novalink Digital Payments,Sanctions Review,Sanctions,High,High,Closed,Pre-trade vessel and counterparty screening for freight handling near conditional maritime jurisdictions. Counterparty: Novalink Digital Payments. Request initiated by Institutional Sales.,Mateo Silva,mateo.silva@complyflow-demo.internal,Institutional Sales,Elena Vance,elena.vance@complyflow-demo.internal,Financial Crime Compliance,2026-09-09 20:16:04,2026-09-12 20:16:04,2026-09-10 18:16:42,72,0,1,Rachel Kensington,2026-09-10 14:07:10,0,,,Review successfully concluded and verified under Sanctions compliance requirements.,2026-09-09 18:20:04,2026-09-10 18:16:42
CR-2026-0020,PEP Review - Delta Equity Asset Desk,PEP Review,Customer Onboarding,Medium,Medium,Closed,Screening alert match identifying a non-executive director with senior political nexus; enhanced due diligence required. Counterparty: Delta Equity Asset Desk. Request initiated by Institutional Sales.,James Wilson,james.wilson@complyflow-demo.internal,Institutional Sales,Liam O'Connor,liam.oconnor@complyflow-demo.internal,Sanctions Advisory,2026-08-20 21:56:39,2026-08-25 21:56:39,2026-08-24 14:48:43,120,0,0,,,1,Operational Queue Manager,Complex jurisdictional nexus requiring specialist review.,Review successfully concluded and verified under Customer Onboarding compliance requirements.,2026-08-20 20:46:39,2026-08-24 14:48:43
CR-2026-0021,KYC Review - Beacon Renewable Assets AG,KYC Review,Customer Onboarding,Medium,Medium,Under Review,"Periodic review of corporate registration, ultimate beneficial ownership (UBO) structure (>25%), and proof of operating address. Counterparty: Beacon Renewable Assets AG. Request initiated by Wealth Management.",Tariq Al-Mansoor,tariq.mansoor@complyflow-demo.internal,Wealth Management,Elena Vance,elena.vance@complyflow-demo.internal,Financial Crime Compliance,2026-09-18 00:35:17,2026-09-23 00:35:17,,120,1,0,,,0,,,,2026-09-17 23:25:17,2026-09-18 04:17:04
CR-2026-0022,KYC Review - Boreal Energy Holdings,KYC Review,Customer Onboarding,Medium,Medium,Pending Approval,"Periodic review of corporate registration, ultimate beneficial ownership (UBO) structure (>25%), and proof of operating address. Counterparty: Boreal Energy Holdings. Request initiated by Institutional Sales.",Mateo Silva,mateo.silva@complyflow-demo.internal,Institutional Sales,Chen Wei,chen.wei@complyflow-demo.internal,Sanctions Advisory,2026-09-16 22:27:29,2026-09-21 22:27:29,,120,1,1,,,0,,,,2026-09-16 20:48:29,2026-09-17 04:09:09
CR-2026-0023,Policy Exception - Boreal Energy Holdings,Policy Exception,Policy & Governance,High,Critical,Closed,Trading desk seeking temporary 5-day risk limit headroom variance pending quarterly settlement window. Counterparty: Boreal Energy Holdings. Request initiated by Wealth Management.,Tariq Al-Mansoor,tariq.mansoor@complyflow-demo.internal,Wealth Management,Aisha Patel,aisha.patel@complyflow-demo.internal,Financial Crime Compliance,2026-08-24 08:19:40,2026-08-27 08:19:40,2026-08-25 10:01:43,72,0,1,Rachel Kensington,2026-08-25 05:05:06,0,,,Review successfully concluded and verified under Policy & Governance compliance requirements.,2026-08-24 07:22:40,2026-08-25 10:01:43
CR-2026-0024,KYC Review - Horizon Commodity Trading UK,KYC Review,KYC Operations,Medium,High,Under Review,"Periodic review of corporate registration, ultimate beneficial ownership (UBO) structure (>25%), and proof of operating address. Counterparty: Horizon Commodity Trading UK. Request initiated by Wealth Management.",Tariq Al-Mansoor,tariq.mansoor@complyflow-demo.internal,Wealth Management,Sofia Rodriguez,sofia.rodriguez@complyflow-demo.internal,Regulatory Operations,2026-09-20 09:42:58,2026-09-25 09:42:58,,120,1,0,,,0,,,,2026-09-20 08:23:58,2026-09-20 15:17:57
CR-2026-0025,AML Transaction Inquiry - Novalink Digital Payments,AML Transaction Inquiry,AML Operations,Medium,Medium,Pending Approval,Secondary investigation into structured cross-border wire transfers exceeding internal surveillance thresholds. Counterparty: Novalink Digital Payments. Request initiated by Institutional Sales.,Mateo Silva,mateo.silva@complyflow-demo.internal,Institutional Sales,Aisha Patel,aisha.patel@complyflow-demo.internal,Financial Crime Compliance,2026-09-23 22:01:11,2026-09-28 22:01:11,,120,0,1,,,0,,,,2026-09-23 21:46:11,2026-09-24 02:37:41
CR-2026-0026,Policy Exception - Apex Global Logistics Ltd,Policy Exception,Policy & Governance,Medium,Medium,Escalated,Trading desk seeking temporary 5-day risk limit headroom variance pending quarterly settlement window. Counterparty: Apex Global Logistics Ltd. Request initiated by Corporate Onboarding.,Claire Dupont,claire.dupont@complyflow-demo.internal,Corporate Onboarding,Sofia Rodriguez,sofia.rodriguez@complyflow-demo.internal,Regulatory Operations,2026-09-25 14:01:36,2026-09-30 14:01:36,,120,0,0,,,1,Operational Queue Manager,Urgent counterparty risk query flagged during preliminary review.,,2026-09-25 12:56:36,2026-09-25 20:58:29
CR-2026-0027,Policy Exception - Horizon Commodity Trading UK,Policy Exception,Policy & Governance,High,High,Closed,Trading desk seeking temporary 5-day risk limit headroom variance pending quarterly settlement window. Counterparty: Horizon Commodity Trading UK. Request initiated by Trade Operations.,Hannah Schmidt,hannah.schmidt@complyflow-demo.internal,Trade Operations,Elena Vance,elena.vance@complyflow-demo.internal,Financial Crime Compliance,2026-09-06 14:34:46,2026-09-09 14:34:46,2026-09-08 20:44:44,72,0,1,Rachel Kensington,2026-09-08 10:24:09,0,,,Review successfully concluded and verified under Policy & Governance compliance requirements.,2026-09-06 13:01:46,2026-09-08 20:44:44
CR-2026-0028,AML Transaction Inquiry - Crestview Private Wealth Trust,AML Transaction Inquiry,AML Operations,Critical,Critical,Closed,Secondary investigation into structured cross-border wire transfers exceeding internal surveillance thresholds. Counterparty: Crestview Private Wealth Trust. Request initiated by Corporate Onboarding.,Claire Dupont,claire.dupont@complyflow-demo.internal,Corporate Onboarding,Sofia Rodriguez,sofia.rodriguez@complyflow-demo.internal,Regulatory Operations,2026-07-25 23:12:25,2026-07-26 23:12:25,2026-07-26 15:29:42,24,0,1,Arthur Pendelton,2026-07-26 12:45:15,0,,,Review successfully concluded and verified under AML Operations compliance requirements.,2026-07-25 21:56:25,2026-07-26 15:29:42
CR-2026-0029,AML Transaction Inquiry - Horizon Commodity Trading UK,AML Transaction Inquiry,AML Operations,High,High,Under Review,Secondary investigation into structured cross-border wire transfers exceeding internal surveillance thresholds. Counterparty: Horizon Commodity Trading UK. Request initiated by Institutional Sales.,Mateo Silva,mateo.silva@complyflow-demo.internal,Institutional Sales,Sofia Rodriguez,sofia.rodriguez@complyflow-demo.internal,Regulatory Operations,2026-09-14 20:53:03,2026-09-17 20:53:03,,72,1,1,,,0,,,,2026-09-14 20:13:03,2026-09-15 01:16:35
CR-2026-0030,KYC Review - Boreal Energy Holdings,KYC Review,Customer Onboarding,Medium,Medium,Closed,"Periodic review of corporate registration, ultimate beneficial ownership (UBO) structure (>25%), and proof of operating address. Counterparty: Boreal Energy Holdings. Request initiated by Wealth Management.",Tariq Al-Mansoor,tariq.mansoor@complyflow-demo.internal,Wealth Management,Marcus Brody,marcus.brody@complyflow-demo.internal,Regulatory Operations,2026-09-12 02:25:23,2026-09-17 02:25:23,2026-09-13 09:15:31,120,0,0,,,0,,,Review successfully concluded and verified under Customer Onboarding compliance requirements.,2026-09-12 02:01:23,2026-09-13 09:15:31
CR-2026-0031,KYC Review - Atlas Clearing Services SA,KYC Review,KYC Operations,Low,Low,Closed,"Periodic review of corporate registration, ultimate beneficial ownership (UBO) structure (>25%), and proof of operating address. Counterparty: Atlas Clearing Services SA. Request initiated by Institutional Sales.",Mateo Silva,mateo.silva@complyflow-demo.internal,Institutional Sales,Sofia Rodriguez,sofia.rodriguez@complyflow-demo.internal,Regulatory Operations,2026-07-03 03:08:59,2026-07-13 03:08:59,2026-07-04 16:08:25,240,0,0,,,0,,,Review successfully concluded and verified under KYC Operations compliance requirements.,2026-07-03 03:01:59,2026-07-04 16:08:25
CR-2026-0032,PEP Review - Horizon Commodity Trading UK,PEP Review,KYC Operations,High,High,Closed,Screening alert match identifying a non-executive director with senior political nexus; enhanced due diligence required. Counterparty: Horizon Commodity Trading UK. Request initiated by Trade Operations.,Hannah Schmidt,hannah.schmidt@complyflow-demo.internal,Trade Operations,Elena Vance,elena.vance@complyflow-demo.internal,Financial Crime Compliance,2026-08-27 07:51:47,2026-08-30 07:51:47,2026-08-29 04:22:28,72,0,1,Arthur Pendelton,2026-08-28 19:37:44,0,,,Review successfully concluded and verified under KYC Operations compliance requirements.,2026-08-27 06:44:47,2026-08-29 04:22:28
CR-2026-0033,Policy Exception - Apex Global Logistics Ltd,Policy Exception,Policy & Governance,Critical,Critical,Closed,Trading desk seeking temporary 5-day risk limit headroom variance pending quarterly settlement window. Counterparty: Apex Global Logistics Ltd. Request initiated by Corporate Onboarding.,Grace Hopper,grace.hopper@complyflow-demo.internal,Corporate Onboarding,Marcus Brody,marcus.brody@complyflow-demo.internal,Regulatory Operations,2026-09-11 19:47:29,2026-09-12 19:47:29,2026-09-12 02:26:39,24,0,1,Rachel Kensington,2026-09-12 01:29:13,0,,,Review successfully concluded and verified under Policy & Governance compliance requirements.,2026-09-11 18:48:29,2026-09-12 02:26:39
CR-2026-0034,Sanctions Review - Apex Global Logistics Ltd,Sanctions Review,Customer Onboarding,Medium,Medium,Approved,Pre-trade vessel and counterparty screening for freight handling near conditional maritime jurisdictions. Counterparty: Apex Global Logistics Ltd. Request initiated by Trade Operations.,Hannah Schmidt,hannah.schmidt@complyflow-demo.internal,Trade Operations,Aisha Patel,aisha.patel@complyflow-demo.internal,Financial Crime Compliance,2026-09-16 02:18:58,2026-09-21 02:18:58,,120,1,0,,,0,,,Review completed; awaiting final administrative filing.,2026-09-16 02:07:58,2026-09-16 04:53:08
CR-2026-0035,PEP Review - Atlas Clearing Services SA,PEP Review,KYC Operations,Critical,Critical,Escalated,Screening alert match identifying a non-executive director with senior political nexus; enhanced due diligence required. Counterparty: Atlas Clearing Services SA. Request initiated by Institutional Sales.,James Wilson,james.wilson@complyflow-demo.internal,Institutional Sales,Liam O'Connor,liam.oconnor@complyflow-demo.internal,Sanctions Advisory,2026-09-24 03:37:41,2026-09-25 03:37:41,,24,1,1,,,1,Head of Compliance,Automated escalation: Target SLA turnaround breached.,,2026-09-24 03:16:41,2026-09-24 09:18:51
CR-2026-0036,AML Transaction Inquiry - Novalink Digital Payments,AML Transaction Inquiry,AML Operations,Medium,Medium,Under Review,Secondary investigation into structured cross-border wire transfers exceeding internal surveillance thresholds. Counterparty: Novalink Digital Payments. Request initiated by Corporate Onboarding.,Grace Hopper,grace.hopper@complyflow-demo.internal,Corporate Onboarding,Marcus Brody,marcus.brody@complyflow-demo.internal,Regulatory Operations,2026-09-24 15:53:28,2026-09-29 15:53:28,,120,0,0,,,0,,,,2026-09-24 14:04:28,2026-09-24 23:38:39
CR-2026-0037,PEP Review - Beacon Renewable Assets AG,PEP Review,KYC Operations,Medium,Medium,Under Review,Screening alert match identifying a non-executive director with senior political nexus; enhanced due diligence required. Counterparty: Beacon Renewable Assets AG. Request initiated by Trade Operations.,Hannah Schmidt,hannah.schmidt@complyflow-demo.internal,Trade Operations,Elena Vance,elena.vance@complyflow-demo.internal,Financial Crime Compliance,2026-09-13 11:57:48,2026-09-18 11:57:48,,120,1,0,,,0,,,,2026-09-13 11:27:48,2026-09-13 17:06:29
CR-2026-0038,PEP Review - Merlion Maritime Trading Ltd,PEP Review,Customer Onboarding,Medium,Medium,Closed,Screening alert match identifying a non-executive director with senior political nexus; enhanced due diligence required. Counterparty: Merlion Maritime Trading Ltd. Request initiated by Institutional Sales.,Mateo Silva,mateo.silva@complyflow-demo.internal,Institutional Sales,Elena Vance,elena.vance@complyflow-demo.internal,Financial Crime Compliance,2026-07-15 10:01:29,2026-07-20 10:01:29,2026-07-17 16:00:30,120,0,0,,,0,,,Review successfully concluded and verified under Customer Onboarding compliance requirements.,2026-07-15 08:44:29,2026-07-17 16:00:30
CR-2026-0039,KYC Review - Zephyr Commercial Freight,KYC Review,Customer Onboarding,Medium,Medium,Under Review,"Periodic review of corporate registration, ultimate beneficial ownership (UBO) structure (>25%), and proof of operating address. Counterparty: Zephyr Commercial Freight. Request initiated by Wealth Management.",Tariq Al-Mansoor,tariq.mansoor@complyflow-demo.internal,Wealth Management,Chen Wei,chen.wei@complyflow-demo.internal,Sanctions Advisory,2026-09-14 04:07:46,2026-09-19 04:07:46,,120,1,0,,,0,,,,2026-09-14 03:04:46,2026-09-14 06:12:02
CR-2026-0040,PEP Review - Crestview Private Wealth Trust,PEP Review,KYC Operations,Medium,Medium,Closed,Screening alert match identifying a non-executive director with senior political nexus; enhanced due diligence required. Counterparty: Crestview Private Wealth Trust. Request initiated by Treasury.,Oliver Queen,oliver.queen@complyflow-demo.internal,Treasury,Chen Wei,chen.wei@complyflow-demo.internal,Sanctions Advisory,2026-08-11 14:07:42,2026-08-16 14:07:42,2026-08-13 11:12:07,120,0,0,,,0,,,Review successfully concluded and verified under KYC Operations compliance requirements.,2026-08-11 12:17:42,2026-08-13 11:12:07
CR-2026-0041,Policy Exception - Vanguard Steel & Mining Corp,Policy Exception,Policy & Governance,Medium,Medium,Closed,Trading desk seeking temporary 5-day risk limit headroom variance pending quarterly settlement window. Counterparty: Vanguard Steel & Mining Corp. Request initiated by Trade Operations.,Hannah Schmidt,hannah.schmidt@complyflow-demo.internal,Trade Operations,Aisha Patel,aisha.patel@complyflow-demo.internal,Financial Crime Compliance,2026-09-16 08:31:06,2026-09-21 08:31:06,2026-09-17 20:20:11,120,0,0,,,0,,,Review successfully concluded and verified under Policy & Governance compliance requirements.,2026-09-16 06:38:06,2026-09-17 20:20:11
CR-2026-0042,KYC Review - Horizon Commodity Trading UK,KYC Review,KYC Operations,Low,Low,Draft,"Periodic review of corporate registration, ultimate beneficial ownership (UBO) structure (>25%), and proof of operating address. Counterparty: Horizon Commodity Trading UK. Request initiated by Institutional Sales.",James Wilson,james.wilson@complyflow-demo.internal,Institutional Sales,,,,2026-09-24 21:07:25,2026-10-04 21:07:25,,240,0,0,,,0,,,,2026-09-24 20:00:25,2026-09-25 02:00:35
CR-2026-0043,KYC Review - Merlion Maritime Trading Ltd,KYC Review,Customer Onboarding,High,High,Closed,"Periodic review of corporate registration, ultimate beneficial ownership (UBO) structure (>25%), and proof of operating address. Counterparty: Merlion Maritime Trading Ltd. Request initiated by Institutional Sales.",James Wilson,james.wilson@complyflow-demo.internal,Institutional Sales,Chen Wei,chen.wei@complyflow-demo.internal,Sanctions Advisory,2026-08-25 13:56:39,2026-08-28 13:56:39,2026-08-27 10:12:28,72,0,1,Arthur Pendelton,2026-08-27 01:52:18,0,,,Review successfully concluded and verified under Customer Onboarding compliance requirements.,2026-08-25 13:00:39,2026-08-27 10:12:28
CR-2026-0044,AML Transaction Inquiry - Novalink Digital Payments,AML Transaction Inquiry,AML Operations,Medium,Medium,Closed,Secondary investigation into structured cross-border wire transfers exceeding internal surveillance thresholds. Counterparty: Novalink Digital Payments. Request initiated by Institutional Sales.,James Wilson,james.wilson@complyflow-demo.internal,Institutional Sales,Chen Wei,chen.wei@complyflow-demo.internal,Sanctions Advisory,2026-09-02 21:59:38,2026-09-07 21:59:38,2026-09-06 08:01:04,120,0,0,,,0,,,Review successfully concluded and verified under AML Operations compliance requirements.,2026-09-02 21:39:38,2026-09-06 08:01:04
CR-2026-0045,KYC Review - Horizon Commodity Trading UK,KYC Review,Customer Onboarding,High,High,Submitted,"Periodic review of corporate registration, ultimate beneficial ownership (UBO) structure (>25%), and proof of operating address. Counterparty: Horizon Commodity Trading UK. Request initiated by Institutional Sales.",James Wilson,james.wilson@complyflow-demo.internal,Institutional Sales,,,Financial Crime Compliance,2026-09-25 21:32:10,2026-09-28 21:32:10,,72,0,1,,,0,,,,2026-09-25 20:41:10,2026-09-26 00:39:07
CR-2026-0046,KYC Review - Novalink Digital Payments,KYC Review,KYC Operations,Low,Medium,Closed,"Periodic review of corporate registration, ultimate beneficial ownership (UBO) structure (>25%), and proof of operating address. Counterparty: Novalink Digital Payments. Request initiated by Wealth Management.",Tariq Al-Mansoor,tariq.mansoor@complyflow-demo.internal,Wealth Management,Liam O'Connor,liam.oconnor@complyflow-demo.internal,Sanctions Advisory,2026-07-03 07:01:53,2026-07-13 07:01:53,2026-07-13 09:53:24,240,1,0,,,0,,,Review successfully concluded and verified under KYC Operations compliance requirements.,2026-07-03 05:35:53,2026-07-13 09:53:24
CR-2026-0047,KYC Review - Merlion Maritime Trading Ltd,KYC Review,Customer Onboarding,Critical,Critical,Closed,"Periodic review of corporate registration, ultimate beneficial ownership (UBO) structure (>25%), and proof of operating address. Counterparty: Merlion Maritime Trading Ltd. Request initiated by Institutional Sales.",Mateo Silva,mateo.silva@complyflow-demo.internal,Institutional Sales,Sofia Rodriguez,sofia.rodriguez@complyflow-demo.internal,Regulatory Operations,2026-08-16 20:24:27,2026-08-17 20:24:27,2026-08-17 00:54:30,24,0,1,Arthur Pendelton,2026-08-17 00:35:17,1,Head of Compliance,Complex jurisdictional nexus requiring specialist review.,Review successfully concluded and verified under Customer Onboarding compliance requirements.,2026-08-16 20:10:27,2026-08-17 00:54:30
CR-2026-0048,PEP Review - Crestview Private Wealth Trust,PEP Review,KYC Operations,Low,Low,Approved,Screening alert match identifying a non-executive director with senior political nexus; enhanced due diligence required. Counterparty: Crestview Private Wealth Trust. Request initiated by Trade Operations.,Hannah Schmidt,hannah.schmidt@complyflow-demo.internal,Trade Operations,Liam O'Connor,liam.oconnor@complyflow-demo.internal,Sanctions Advisory,2026-09-22 04:39:27,2026-10-02 04:39:27,,240,0,0,,,0,,,Review completed; awaiting final administrative filing.,2026-09-22 03:19:27,2026-09-22 07:47:42
CR-2026-0049,Policy Exception - Zephyr Commercial Freight,Policy Exception,Policy & Governance,High,High,Closed,Trading desk seeking temporary 5-day risk limit headroom variance pending quarterly settlement window. Counterparty: Zephyr Commercial Freight. Request initiated by Wealth Management.,Tariq Al-Mansoor,tariq.mansoor@complyflow-demo.internal,Wealth Management,Marcus Brody,marcus.brody@complyflow-demo.internal,Regulatory Operations,2026-09-12 01:13:23,2026-09-15 01:13:23,2026-09-12 19:54:44,72,0,1,Arthur Pendelton,2026-09-12 16:25:16,0,,,Review successfully concluded and verified under Policy & Governance compliance requirements.,2026-09-12 00:38:23,2026-09-12 19:54:44
CR-2026-0050,AML Transaction Inquiry - Delta Equity Asset Desk,AML Transaction Inquiry,AML Operations,High,Critical,Closed,Secondary investigation into structured cross-border wire transfers exceeding internal surveillance thresholds. Counterparty: Delta Equity Asset Desk. Request initiated by Corporate Onboarding.,Claire Dupont,claire.dupont@complyflow-demo.internal,Corporate Onboarding,Sofia Rodriguez,sofia.rodriguez@complyflow-demo.internal,Regulatory Operations,2026-07-16 02:33:15,2026-07-19 02:33:15,2026-07-18 12:24:40,72,0,1,Arthur Pendelton,2026-07-18 01:06:59,0,,,Review successfully concluded and verified under AML Operations compliance requirements.,2026-07-16 01:08:15,2026-07-18 12:24:40
CR-2026-0051,Sanctions Review - Atlas Clearing Services SA,Sanctions Review,Sanctions,Low,Low,Under Review,Pre-trade vessel and counterparty screening for freight handling near conditional maritime jurisdictions. Counterparty: Atlas Clearing Services SA. Request initiated by Corporate Onboarding.,Grace Hopper,grace.hopper@complyflow-demo.internal,Corporate Onboarding,Elena Vance,elena.vance@complyflow-demo.internal,Financial Crime Compliance,2026-09-13 18:32:01,2026-09-23 18:32:01,,240,1,0,,,0,,,,2026-09-13 17:31:01,2026-09-13 22:48:52
CR-2026-0052,PEP Review - Atlas Clearing Services SA,PEP Review,KYC Operations,Medium,Medium,Closed,Screening alert match identifying a non-executive director with senior political nexus; enhanced due diligence required. Counterparty: Atlas Clearing Services SA. Request initiated by Institutional Sales.,James Wilson,james.wilson@complyflow-demo.internal,Institutional Sales,Chen Wei,chen.wei@complyflow-demo.internal,Sanctions Advisory,2026-09-15 10:33:14,2026-09-20 10:33:14,2026-09-17 01:35:05,120,0,0,,,0,,,Review concluded with rejection. Counterparty documentation failed verification under KYC Operations risk policy.,2026-09-15 09:33:14,2026-09-17 01:35:05
CR-2026-0053,KYC Review - Apex Global Logistics Ltd,KYC Review,KYC Operations,High,High,Closed,"Periodic review of corporate registration, ultimate beneficial ownership (UBO) structure (>25%), and proof of operating address. Counterparty: Apex Global Logistics Ltd. Request initiated by Treasury.",Oliver Queen,oliver.queen@complyflow-demo.internal,Treasury,Liam O'Connor,liam.oconnor@complyflow-demo.internal,Sanctions Advisory,2026-07-18 03:12:05,2026-07-21 03:12:05,2026-07-19 12:17:23,72,0,1,Arthur Pendelton,2026-07-19 05:47:55,0,,,Review successfully concluded and verified under KYC Operations compliance requirements.,2026-07-18 02:45:05,2026-07-19 12:17:23
CR-2026-0054,AML Transaction Inquiry - Vanguard Steel & Mining Corp,AML Transaction Inquiry,AML Operations,Medium,High,Closed,Secondary investigation into structured cross-border wire transfers exceeding internal surveillance thresholds. Counterparty: Vanguard Steel & Mining Corp. Request initiated by Corporate Onboarding.,Claire Dupont,claire.dupont@complyflow-demo.internal,Corporate Onboarding,Aisha Patel,aisha.patel@complyflow-demo.internal,Financial Crime Compliance,2026-08-15 22:52:56,2026-08-20 22:52:56,2026-08-18 02:31:13,120,0,0,,,1,Operational Queue Manager,Complex jurisdictional nexus requiring specialist review.,Review successfully concluded and verified under AML Operations compliance requirements.,2026-08-15 21:44:56,2026-08-18 02:31:13
CR-2026-0055,Policy Exception - Boreal Energy Holdings,Policy Exception,Policy & Governance,Medium,Medium,Under Review,Trading desk seeking temporary 5-day risk limit headroom variance pending quarterly settlement window. Counterparty: Boreal Energy Holdings. Request initiated by Corporate Onboarding.,Grace Hopper,grace.hopper@complyflow-demo.internal,Corporate Onboarding,Marcus Brody,marcus.brody@complyflow-demo.internal,Regulatory Operations,2026-09-19 23:19:10,2026-09-24 23:19:10,,120,1,0,,,0,,,,2026-09-19 23:08:10,2026-09-20 03:56:55
CR-2026-0056,Sanctions Review - Solaris Capital Partners,Sanctions Review,Sanctions,High,High,Closed,Pre-trade vessel and counterparty screening for freight handling near conditional maritime jurisdictions. Counterparty: Solaris Capital Partners. Request initiated by Treasury.,Oliver Queen,oliver.queen@complyflow-demo.internal,Treasury,Chen Wei,chen.wei@complyflow-demo.internal,Sanctions Advisory,2026-07-04 15:20:24,2026-07-07 15:20:24,2026-07-05 03:35:42,72,0,1,David Sterling,2026-07-05 01:12:14,0,,,Review successfully concluded and verified under Sanctions compliance requirements.,2026-07-04 14:19:24,2026-07-05 03:35:42
CR-2026-0057,KYC Review - Merlion Maritime Trading Ltd,KYC Review,KYC Operations,Critical,Critical,Closed,"Periodic review of corporate registration, ultimate beneficial ownership (UBO) structure (>25%), and proof of operating address. Counterparty: Merlion Maritime Trading Ltd. Request initiated by Trade Operations.",Hannah Schmidt,hannah.schmidt@complyflow-demo.internal,Trade Operations,Liam O'Connor,liam.oconnor@complyflow-demo.internal,Sanctions Advisory,2026-07-27 14:18:26,2026-07-28 14:18:26,2026-07-27 22:48:38,24,0,1,Rachel Kensington,2026-07-27 21:21:59,0,,,Review successfully concluded and verified under KYC Operations compliance requirements.,2026-07-27 13:54:26,2026-07-27 22:48:38
CR-2026-0058,AML Transaction Inquiry - Solaris Capital Partners,AML Transaction Inquiry,AML Operations,Low,Low,Closed,Secondary investigation into structured cross-border wire transfers exceeding internal surveillance thresholds. Counterparty: Solaris Capital Partners. Request initiated by Corporate Onboarding.,Grace Hopper,grace.hopper@complyflow-demo.internal,Corporate Onboarding,Liam O'Connor,liam.oconnor@complyflow-demo.internal,Sanctions Advisory,2026-07-09 20:35:41,2026-07-19 20:35:41,2026-07-16 20:55:53,240,0,0,,,1,Operations Supervisor,Complex jurisdictional nexus requiring specialist review.,Review successfully concluded and verified under AML Operations compliance requirements.,2026-07-09 19:55:41,2026-07-16 20:55:53
CR-2026-0059,KYC Review - Vanguard Steel & Mining Corp,KYC Review,KYC Operations,High,High,Closed,"Periodic review of corporate registration, ultimate beneficial ownership (UBO) structure (>25%), and proof of operating address. Counterparty: Vanguard Steel & Mining Corp. Request initiated by Trade Operations.",Hannah Schmidt,hannah.schmidt@complyflow-demo.internal,Trade Operations,Sofia Rodriguez,sofia.rodriguez@complyflow-demo.internal,Regulatory Operations,2026-08-22 10:45:29,2026-08-25 10:45:29,2026-08-24 20:34:26,72,0,1,Arthur Pendelton,2026-08-24 09:24:38,0,,,Review successfully concluded and verified under KYC Operations compliance requirements.,2026-08-22 09:03:29,2026-08-24 20:34:26
CR-2026-0060,PEP Review - Zephyr Commercial Freight,PEP Review,Customer Onboarding,High,High,Closed,Screening alert match identifying a non-executive director with senior political nexus; enhanced due diligence required. Counterparty: Zephyr Commercial Freight. Request initiated by Trade Operations.,Hannah Schmidt,hannah.schmidt@complyflow-demo.internal,Trade Operations,Marcus Brody,marcus.brody@complyflow-demo.internal,Regulatory Operations,2026-07-15 17:34:09,2026-07-18 17:34:09,2026-07-16 06:14:06,72,0,1,Arthur Pendelton,2026-07-16 04:07:30,0,,,Review successfully concluded and verified under Customer Onboarding compliance requirements.,2026-07-15 16:06:09,2026-07-16 06:14:06
CR-2026-0061,Sanctions Review - Zephyr Commercial Freight,Sanctions Review,Customer Onboarding,Low,Medium,Closed,Pre-trade vessel and counterparty screening for freight handling near conditional maritime jurisdictions. Counterparty: Zephyr Commercial Freight. Request initiated by Institutional Sales.,Mateo Silva,mateo.silva@complyflow-demo.internal,Institutional Sales,Liam O'Connor,liam.oconnor@complyflow-demo.internal,Sanctions Advisory,2026-07-01 04:07:30,2026-07-11 04:07:30,2026-07-04 12:38:55,240,0,0,,,0,,,Review successfully concluded and verified under Customer Onboarding compliance requirements.,2026-07-01 03:53:30,2026-07-04 12:38:55
CR-2026-0062,Sanctions Review - Zephyr Commercial Freight,Sanctions Review,Sanctions,High,High,Closed,Pre-trade vessel and counterparty screening for freight handling near conditional maritime jurisdictions. Counterparty: Zephyr Commercial Freight. Request initiated by Wealth Management.,Tariq Al-Mansoor,tariq.mansoor@complyflow-demo.internal,Wealth Management,Liam O'Connor,liam.oconnor@complyflow-demo.internal,Sanctions Advisory,2026-07-21 18:33:50,2026-07-24 18:33:50,2026-07-22 07:10:24,72,0,1,Arthur Pendelton,2026-07-22 04:53:41,0,,,Review concluded with rejection. Counterparty documentation failed verification under Sanctions risk policy.,2026-07-21 16:51:50,2026-07-22 07:10:24
CR-2026-0063,Sanctions Review - Merlion Maritime Trading Ltd,Sanctions Review,Sanctions,Low,Low,Closed,Pre-trade vessel and counterparty screening for freight handling near conditional maritime jurisdictions. Counterparty: Merlion Maritime Trading Ltd. Request initiated by Institutional Sales.,Mateo Silva,mateo.silva@complyflow-demo.internal,Institutional Sales,Aisha Patel,aisha.patel@complyflow-demo.internal,Financial Crime Compliance,2026-08-13 07:50:26,2026-08-23 07:50:26,2026-08-15 03:34:01,240,0,0,,,0,,,Review successfully concluded and verified under Sanctions compliance requirements.,2026-08-13 06:17:26,2026-08-15 03:34:01
CR-2026-0064,AML Transaction Inquiry - Solaris Capital Partners,AML Transaction Inquiry,AML Operations,Medium,Medium,Escalated,Secondary investigation into structured cross-border wire transfers exceeding internal surveillance thresholds. Counterparty: Solaris Capital Partners. Request initiated by Corporate Onboarding.,Claire Dupont,claire.dupont@complyflow-demo.internal,Corporate Onboarding,Liam O'Connor,liam.oconnor@complyflow-demo.internal,Sanctions Advisory,2026-09-23 20:16:39,2026-09-28 20:16:39,,120,0,0,,,1,Operational Queue Manager,Urgent counterparty risk query flagged during preliminary review.,,2026-09-23 18:53:39,2026-09-24 01:36:55
CR-2026-0065,KYC Review - Apex Global Logistics Ltd,KYC Review,KYC Operations,High,High,Closed,"Periodic review of corporate registration, ultimate beneficial ownership (UBO) structure (>25%), and proof of operating address. Counterparty: Apex Global Logistics Ltd. Request initiated by Corporate Onboarding.",Grace Hopper,grace.hopper@complyflow-demo.internal,Corporate Onboarding,Aisha Patel,aisha.patel@complyflow-demo.internal,Financial Crime Compliance,2026-07-06 23:56:52,2026-07-09 23:56:52,2026-07-07 18:42:35,72,0,1,Rachel Kensington,2026-07-07 15:22:03,0,,,Review successfully concluded and verified under KYC Operations compliance requirements.,2026-07-06 22:52:52,2026-07-07 18:42:35
CR-2026-0066,KYC Review - Crestview Private Wealth Trust,KYC Review,KYC Operations,Medium,Medium,Rejected,"Periodic review of corporate registration, ultimate beneficial ownership (UBO) structure (>25%), and proof of operating address. Counterparty: Crestview Private Wealth Trust. Request initiated by Institutional Sales.",Mateo Silva,mateo.silva@complyflow-demo.internal,Institutional Sales,Sofia Rodriguez,sofia.rodriguez@complyflow-demo.internal,Regulatory Operations,2026-09-24 18:26:39,2026-09-29 18:26:39,,120,0,0,,,0,,,Review completed; awaiting final administrative filing.,2026-09-24 17:33:39,2026-09-24 21:57:25
CR-2026-0067,PEP Review - Zephyr Commercial Freight,PEP Review,AML Operations,High,High,Closed,Screening alert match identifying a non-executive director with senior political nexus; enhanced due diligence required. Counterparty: Zephyr Commercial Freight. Request initiated by Treasury.,Oliver Queen,oliver.queen@complyflow-demo.internal,Treasury,Sofia Rodriguez,sofia.rodriguez@complyflow-demo.internal,Regulatory Operations,2026-07-16 21:16:57,2026-07-19 21:16:57,2026-07-19 02:03:28,72,0,1,David Sterling,2026-07-18 16:05:34,0,,,Review successfully concluded and verified under AML Operations compliance requirements.,2026-07-16 21:05:57,2026-07-19 02:03:28
CR-2026-0068,KYC Review - Solaris Capital Partners,KYC Review,Customer Onboarding,High,High,Closed,"Periodic review of corporate registration, ultimate beneficial ownership (UBO) structure (>25%), and proof of operating address. Counterparty: Solaris Capital Partners. Request initiated by Corporate Onboarding.",Grace Hopper,grace.hopper@complyflow-demo.internal,Corporate Onboarding,Chen Wei,chen.wei@complyflow-demo.internal,Sanctions Advisory,2026-07-29 04:36:27,2026-08-01 04:36:27,2026-07-30 06:58:40,72,0,1,Arthur Pendelton,2026-07-30 02:00:14,0,,,Review successfully concluded and verified under Customer Onboarding compliance requirements.,2026-07-29 02:36:27,2026-07-30 06:58:40
CR-2026-0069,AML Transaction Inquiry - Boreal Energy Holdings,AML Transaction Inquiry,AML Operations,Low,Low,Pending Approval,Secondary investigation into structured cross-border wire transfers exceeding internal surveillance thresholds. Counterparty: Boreal Energy Holdings. Request initiated by Wealth Management.,Tariq Al-Mansoor,tariq.mansoor@complyflow-demo.internal,Wealth Management,Marcus Brody,marcus.brody@complyflow-demo.internal,Regulatory Operations,2026-09-19 10:25:06,2026-09-29 10:25:06,,240,0,1,,,0,,,,2026-09-19 09:46:06,2026-09-19 13:13:02
CR-2026-0070,Sanctions Review - Horizon Commodity Trading UK,Sanctions Review,Sanctions,Medium,High,Closed,Pre-trade vessel and counterparty screening for freight handling near conditional maritime jurisdictions. Counterparty: Horizon Commodity Trading UK. Request initiated by Institutional Sales.,Mateo Silva,mateo.silva@complyflow-demo.internal,Institutional Sales,Chen Wei,chen.wei@complyflow-demo.internal,Sanctions Advisory,2026-07-10 04:14:35,2026-07-15 04:14:35,2026-07-14 07:29:38,120,0,0,,,0,,,Review successfully concluded and verified under Sanctions compliance requirements.,2026-07-10 02:37:35,2026-07-14 07:29:38
CR-2026-0071,KYC Review - Delta Equity Asset Desk,KYC Review,Customer Onboarding,Medium,Medium,Closed,"Periodic review of corporate registration, ultimate beneficial ownership (UBO) structure (>25%), and proof of operating address. Counterparty: Delta Equity Asset Desk. Request initiated by Corporate Onboarding.",Grace Hopper,grace.hopper@complyflow-demo.internal,Corporate Onboarding,Chen Wei,chen.wei@complyflow-demo.internal,Sanctions Advisory,2026-08-01 18:35:08,2026-08-06 18:35:08,2026-08-02 21:41:12,120,0,0,,,1,Operational Queue Manager,Complex jurisdictional nexus requiring specialist review.,Review successfully concluded and verified under Customer Onboarding compliance requirements.,2026-08-01 16:45:08,2026-08-02 21:41:12
CR-2026-0072,KYC Review - Beacon Renewable Assets AG,KYC Review,KYC Operations,Medium,Medium,Draft,"Periodic review of corporate registration, ultimate beneficial ownership (UBO) structure (>25%), and proof of operating address. Counterparty: Beacon Renewable Assets AG. Request initiated by Corporate Onboarding.",Grace Hopper,grace.hopper@complyflow-demo.internal,Corporate Onboarding,,,,2026-09-26 07:52:46,2026-10-01 07:52:46,,120,0,0,,,0,,,,2026-09-26 07:42:46,2026-09-26 15:30:11
CR-2026-0073,AML Transaction Inquiry - Beacon Renewable Assets AG,AML Transaction Inquiry,AML Operations,Low,Low,Closed,Secondary investigation into structured cross-border wire transfers exceeding internal surveillance thresholds. Counterparty: Beacon Renewable Assets AG. Request initiated by Corporate Onboarding.,Claire Dupont,claire.dupont@complyflow-demo.internal,Corporate Onboarding,Chen Wei,chen.wei@complyflow-demo.internal,Sanctions Advisory,2026-08-12 12:13:44,2026-08-22 12:13:44,2026-08-17 18:58:53,240,0,0,,,0,,,Review successfully concluded and verified under AML Operations compliance requirements.,2026-08-12 10:43:44,2026-08-17 18:58:53
CR-2026-0074,PEP Review - Apex Global Logistics Ltd,PEP Review,KYC Operations,High,High,Closed,Screening alert match identifying a non-executive director with senior political nexus; enhanced due diligence required. Counterparty: Apex Global Logistics Ltd. Request initiated by Wealth Management.,Tariq Al-Mansoor,tariq.mansoor@complyflow-demo.internal,Wealth Management,Liam O'Connor,liam.oconnor@complyflow-demo.internal,Sanctions Advisory,2026-07-24 02:31:39,2026-07-27 02:31:39,2026-07-25 01:13:39,72,0,1,Arthur Pendelton,2026-07-24 21:17:15,0,,,Review successfully concluded and verified under KYC Operations compliance requirements.,2026-07-24 01:59:39,2026-07-25 01:13:39
CR-2026-0075,AML Transaction Inquiry - Crestview Private Wealth Trust,AML Transaction Inquiry,AML Operations,Low,Medium,Closed,Secondary investigation into structured cross-border wire transfers exceeding internal surveillance thresholds. Counterparty: Crestview Private Wealth Trust. Request initiated by Institutional Sales.,Mateo Silva,mateo.silva@complyflow-demo.internal,Institutional Sales,Chen Wei,chen.wei@complyflow-demo.internal,Sanctions Advisory,2026-09-11 04:35:12,2026-09-21 04:35:12,2026-09-19 11:43:49,240,0,0,,,0,,,Review concluded with rejection. Counterparty documentation failed verification under AML Operations risk policy.,2026-09-11 04:03:12,2026-09-19 11:43:49
CR-2026-0076,Sanctions Review - Horizon Commodity Trading UK,Sanctions Review,Sanctions,High,High,Approved,Pre-trade vessel and counterparty screening for freight handling near conditional maritime jurisdictions. Counterparty: Horizon Commodity Trading UK. Request initiated by Treasury.,Oliver Queen,oliver.queen@complyflow-demo.internal,Treasury,Aisha Patel,aisha.patel@complyflow-demo.internal,Financial Crime Compliance,2026-09-15 05:34:15,2026-09-18 05:34:15,,72,1,1,David Sterling,2026-09-15 15:34:19,0,,,Review completed; awaiting final administrative filing.,2026-09-15 05:00:15,2026-09-15 10:44:33
CR-2026-0077,KYC Review - Solaris Capital Partners,KYC Review,Customer Onboarding,Low,Low,Under Review,"Periodic review of corporate registration, ultimate beneficial ownership (UBO) structure (>25%), and proof of operating address. Counterparty: Solaris Capital Partners. Request initiated by Institutional Sales.",James Wilson,james.wilson@complyflow-demo.internal,Institutional Sales,Marcus Brody,marcus.brody@complyflow-demo.internal,Regulatory Operations,2026-09-26 00:11:06,2026-10-06 00:11:06,,240,0,0,,,0,,,,2026-09-25 22:25:06,2026-09-26 05:18:26
CR-2026-0078,KYC Review - Merlion Maritime Trading Ltd,KYC Review,Customer Onboarding,High,High,Closed,"Periodic review of corporate registration, ultimate beneficial ownership (UBO) structure (>25%), and proof of operating address. Counterparty: Merlion Maritime Trading Ltd. Request initiated by Corporate Onboarding.",Grace Hopper,grace.hopper@complyflow-demo.internal,Corporate Onboarding,Aisha Patel,aisha.patel@complyflow-demo.internal,Financial Crime Compliance,2026-08-10 15:44:52,2026-08-13 15:44:52,2026-08-11 08:02:39,72,0,1,Arthur Pendelton,2026-08-11 05:16:41,0,,,Review successfully concluded and verified under Customer Onboarding compliance requirements.,2026-08-10 14:00:52,2026-08-11 08:02:39
CR-2026-0079,AML Transaction Inquiry - Beacon Renewable Assets AG,AML Transaction Inquiry,AML Operations,Low,Low,Under Review,Secondary investigation into structured cross-border wire transfers exceeding internal surveillance thresholds. Counterparty: Beacon Renewable Assets AG. Request initiated by Institutional Sales.,Mateo Silva,mateo.silva@complyflow-demo.internal,Institutional Sales,Liam O'Connor,liam.oconnor@complyflow-demo.internal,Sanctions Advisory,2026-09-20 10:53:14,2026-09-30 10:53:14,,240,0,0,,,0,,,,2026-09-20 10:35:14,2026-09-20 16:52:26
CR-2026-0080,KYC Review - Atlas Clearing Services SA,KYC Review,Customer Onboarding,High,Critical,Closed,"Periodic review of corporate registration, ultimate beneficial ownership (UBO) structure (>25%), and proof of operating address. Counterparty: Atlas Clearing Services SA. Request initiated by Wealth Management.",Tariq Al-Mansoor,tariq.mansoor@complyflow-demo.internal,Wealth Management,Chen Wei,chen.wei@complyflow-demo.internal,Sanctions Advisory,2026-07-28 19:06:18,2026-07-31 19:06:18,2026-07-31 08:02:03,72,0,1,Rachel Kensington,2026-07-30 19:59:42,0,,,Review successfully concluded and verified under Customer Onboarding compliance requirements.,2026-07-28 17:51:18,2026-07-31 08:02:03
CR-2026-0081,Sanctions Review - Beacon Renewable Assets AG,Sanctions Review,Sanctions,High,High,Submitted,Pre-trade vessel and counterparty screening for freight handling near conditional maritime jurisdictions. Counterparty: Beacon Renewable Assets AG. Request initiated by Corporate Onboarding.,Claire Dupont,claire.dupont@complyflow-demo.internal,Corporate Onboarding,,,Regulatory Operations,2026-09-25 12:35:25,2026-09-28 12:35:25,,72,0,1,,,0,,,,2026-09-25 12:01:25,2026-09-25 15:57:46
CR-2026-0082,AML Transaction Inquiry - Delta Equity Asset Desk,AML Transaction Inquiry,AML Operations,Low,Low,Under Review,Secondary investigation into structured cross-border wire transfers exceeding internal surveillance thresholds. Counterparty: Delta Equity Asset Desk. Request initiated by Corporate Onboarding.,Grace Hopper,grace.hopper@complyflow-demo.internal,Corporate Onboarding,Chen Wei,chen.wei@complyflow-demo.internal,Sanctions Advisory,2026-09-21 03:43:35,2026-10-01 03:43:35,,240,0,0,,,0,,,,2026-09-21 03:19:35,2026-09-21 11:11:14
CR-2026-0083,KYC Review - Solaris Capital Partners,KYC Review,Customer Onboarding,Medium,Medium,Draft,"Periodic review of corporate registration, ultimate beneficial ownership (UBO) structure (>25%), and proof of operating address. Counterparty: Solaris Capital Partners. Request initiated by Wealth Management.",Tariq Al-Mansoor,tariq.mansoor@complyflow-demo.internal,Wealth Management,,,,2026-09-25 06:33:10,2026-09-30 06:33:10,,120,0,0,,,0,,,,2026-09-25 05:13:10,2026-09-25 14:14:57
CR-2026-0084,KYC Review - Beacon Renewable Assets AG,KYC Review,KYC Operations,Medium,Medium,Under Review,"Periodic review of corporate registration, ultimate beneficial ownership (UBO) structure (>25%), and proof of operating address. Counterparty: Beacon Renewable Assets AG. Request initiated by Institutional Sales.",Mateo Silva,mateo.silva@complyflow-demo.internal,Institutional Sales,Elena Vance,elena.vance@complyflow-demo.internal,Financial Crime Compliance,2026-09-14 11:44:17,2026-09-19 11:44:17,,120,1,0,,,0,,,,2026-09-14 10:07:17,2026-09-14 19:31:00
CR-2026-0085,AML Transaction Inquiry - Horizon Commodity Trading UK,AML Transaction Inquiry,AML Operations,Medium,Medium,Closed,Secondary investigation into structured cross-border wire transfers exceeding internal surveillance thresholds. Counterparty: Horizon Commodity Trading UK. Request initiated by Trade Operations.,Hannah Schmidt,hannah.schmidt@complyflow-demo.internal,Trade Operations,Sofia Rodriguez,sofia.rodriguez@complyflow-demo.internal,Regulatory Operations,2026-07-11 05:33:47,2026-07-16 05:33:47,2026-07-14 15:37:19,120,0,0,,,0,,,Review successfully concluded and verified under AML Operations compliance requirements.,2026-07-11 04:44:47,2026-07-14 15:37:19
CR-2026-0086,Policy Exception - Atlas Clearing Services SA,Policy Exception,Policy & Governance,High,High,Closed,Trading desk seeking temporary 5-day risk limit headroom variance pending quarterly settlement window. Counterparty: Atlas Clearing Services SA. Request initiated by Institutional Sales.,James Wilson,james.wilson@complyflow-demo.internal,Institutional Sales,Chen Wei,chen.wei@complyflow-demo.internal,Sanctions Advisory,2026-07-04 12:33:43,2026-07-07 12:33:43,2026-07-05 08:27:18,72,0,1,Rachel Kensington,2026-07-05 04:40:47,0,,,Review successfully concluded and verified under Policy & Governance compliance requirements.,2026-07-04 10:42:43,2026-07-05 08:27:18
CR-2026-0087,Sanctions Review - Apex Global Logistics Ltd,Sanctions Review,Sanctions,Medium,High,Under Review,Pre-trade vessel and counterparty screening for freight handling near conditional maritime jurisdictions. Counterparty: Apex Global Logistics Ltd. Request initiated by Corporate Onboarding.,Grace Hopper,grace.hopper@complyflow-demo.internal,Corporate Onboarding,Marcus Brody,marcus.brody@complyflow-demo.internal,Regulatory Operations,2026-09-24 23:16:13,2026-09-29 23:16:13,,120,0,0,,,0,,,,2026-09-24 22:04:13,2026-09-25 02:54:13
CR-2026-0088,AML Transaction Inquiry - Atlas Clearing Services SA,AML Transaction Inquiry,AML Operations,High,High,Closed,Secondary investigation into structured cross-border wire transfers exceeding internal surveillance thresholds. Counterparty: Atlas Clearing Services SA. Request initiated by Treasury.,Oliver Queen,oliver.queen@complyflow-demo.internal,Treasury,Marcus Brody,marcus.brody@complyflow-demo.internal,Regulatory Operations,2026-09-11 17:48:16,2026-09-14 17:48:16,2026-09-16 06:09:22,72,1,1,Rachel Kensington,2026-09-15 09:03:09,0,,,Review successfully concluded and verified under AML Operations compliance requirements.,2026-09-11 17:37:16,2026-09-16 06:09:22
CR-2026-0089,AML Transaction Inquiry - Merlion Maritime Trading Ltd,AML Transaction Inquiry,AML Operations,High,Critical,Closed,Secondary investigation into structured cross-border wire transfers exceeding internal surveillance thresholds. Counterparty: Merlion Maritime Trading Ltd. Request initiated by Trade Operations.,Hannah Schmidt,hannah.schmidt@complyflow-demo.internal,Trade Operations,Sofia Rodriguez,sofia.rodriguez@complyflow-demo.internal,Regulatory Operations,2026-08-26 11:34:15,2026-08-29 11:34:15,2026-08-28 07:59:39,72,0,1,Rachel Kensington,2026-08-27 23:59:52,1,Compliance Team Lead,Complex jurisdictional nexus requiring specialist review.,Review concluded with rejection. Counterparty documentation failed verification under AML Operations risk policy.,2026-08-26 10:03:15,2026-08-28 07:59:39
CR-2026-0090,KYC Review - Beacon Renewable Assets AG,KYC Review,Customer Onboarding,Medium,High,Submitted,"Periodic review of corporate registration, ultimate beneficial ownership (UBO) structure (>25%), and proof of operating address. Counterparty: Beacon Renewable Assets AG. Request initiated by Corporate Onboarding.",Grace Hopper,grace.hopper@complyflow-demo.internal,Corporate Onboarding,,,Sanctions Advisory,2026-09-26 04:28:47,2026-10-01 04:28:47,,120,0,0,,,0,,,,2026-09-26 03:35:47,2026-09-26 10:24:20
CR-2026-0091,AML Transaction Inquiry - Novalink Digital Payments,AML Transaction Inquiry,AML Operations,High,Critical,Approved,Secondary investigation into structured cross-border wire transfers exceeding internal surveillance thresholds. Counterparty: Novalink Digital Payments. Request initiated by Institutional Sales.,Mateo Silva,mateo.silva@complyflow-demo.internal,Institutional Sales,Liam O'Connor,liam.oconnor@complyflow-demo.internal,Sanctions Advisory,2026-09-25 15:17:38,2026-09-28 15:17:38,,72,0,1,David Sterling,2026-09-26 01:19:27,0,,,Review completed; awaiting final administrative filing.,2026-09-25 15:10:38,2026-09-25 20:19:27
CR-2026-0092,AML Transaction Inquiry - Crestview Private Wealth Trust,AML Transaction Inquiry,AML Operations,Critical,Critical,Closed,Secondary investigation into structured cross-border wire transfers exceeding internal surveillance thresholds. Counterparty: Crestview Private Wealth Trust. Request initiated by Treasury.,Oliver Queen,oliver.queen@complyflow-demo.internal,Treasury,Elena Vance,elena.vance@complyflow-demo.internal,Financial Crime Compliance,2026-07-12 11:34:22,2026-07-13 11:34:22,2026-07-12 16:57:05,24,0,1,Rachel Kensington,2026-07-12 16:11:20,0,,,Review successfully concluded and verified under AML Operations compliance requirements.,2026-07-12 10:43:22,2026-07-12 16:57:05
CR-2026-0093,Sanctions Review - Merlion Maritime Trading Ltd,Sanctions Review,Sanctions,High,Critical,Closed,Pre-trade vessel and counterparty screening for freight handling near conditional maritime jurisdictions. Counterparty: Merlion Maritime Trading Ltd. Request initiated by Corporate Onboarding.,Grace Hopper,grace.hopper@complyflow-demo.internal,Corporate Onboarding,Aisha Patel,aisha.patel@complyflow-demo.internal,Financial Crime Compliance,2026-08-06 04:46:10,2026-08-09 04:46:10,2026-08-08 15:51:51,72,0,1,David Sterling,2026-08-08 04:15:43,0,,,Review successfully concluded and verified under Sanctions compliance requirements.,2026-08-06 04:17:10,2026-08-08 15:51:51
CR-2026-0094,KYC Review - Zephyr Commercial Freight,KYC Review,Customer Onboarding,High,Critical,Closed,"Periodic review of corporate registration, ultimate beneficial ownership (UBO) structure (>25%), and proof of operating address. Counterparty: Zephyr Commercial Freight. Request initiated by Institutional Sales.",Mateo Silva,mateo.silva@complyflow-demo.internal,Institutional Sales,Sofia Rodriguez,sofia.rodriguez@complyflow-demo.internal,Regulatory Operations,2026-08-09 04:34:39,2026-08-12 04:34:39,2026-08-10 14:00:09,72,0,1,Arthur Pendelton,2026-08-10 07:38:27,0,,,Review successfully concluded and verified under Customer Onboarding compliance requirements.,2026-08-09 02:53:39,2026-08-10 14:00:09
CR-2026-0095,Sanctions Review - Zephyr Commercial Freight,Sanctions Review,Sanctions,Low,Medium,Closed,Pre-trade vessel and counterparty screening for freight handling near conditional maritime jurisdictions. Counterparty: Zephyr Commercial Freight. Request initiated by Trade Operations.,Hannah Schmidt,hannah.schmidt@complyflow-demo.internal,Trade Operations,Sofia Rodriguez,sofia.rodriguez@complyflow-demo.internal,Regulatory Operations,2026-08-24 21:02:57,2026-09-03 21:02:57,2026-09-05 10:33:46,240,1,0,,,0,,,Review successfully concluded and verified under Sanctions compliance requirements.,2026-08-24 20:22:57,2026-09-05 10:33:46
CR-2026-0096,AML Transaction Inquiry - Atlas Clearing Services SA,AML Transaction Inquiry,AML Operations,High,High,Closed,Secondary investigation into structured cross-border wire transfers exceeding internal surveillance thresholds. Counterparty: Atlas Clearing Services SA. Request initiated by Institutional Sales.,James Wilson,james.wilson@complyflow-demo.internal,Institutional Sales,Liam O'Connor,liam.oconnor@complyflow-demo.internal,Sanctions Advisory,2026-07-31 23:51:03,2026-08-03 23:51:03,2026-08-03 10:44:39,72,0,1,David Sterling,2026-08-02 23:10:31,0,,,Review successfully concluded and verified under AML Operations compliance requirements.,2026-07-31 22:57:03,2026-08-03 10:44:39
CR-2026-0097,AML Transaction Inquiry - Vanguard Steel & Mining Corp,AML Transaction Inquiry,AML Operations,Low,Medium,Closed,Secondary investigation into structured cross-border wire transfers exceeding internal surveillance thresholds. Counterparty: Vanguard Steel & Mining Corp. Request initiated by Institutional Sales.,James Wilson,james.wilson@complyflow-demo.internal,Institutional Sales,Sofia Rodriguez,sofia.rodriguez@complyflow-demo.internal,Regulatory Operations,2026-06-30 03:39:54,2026-07-10 03:39:54,2026-07-01 22:14:27,240,0,0,,,0,,,Review successfully concluded and verified under AML Operations compliance requirements.,2026-06-30 03:24:54,2026-07-01 22:14:27
CR-2026-0098,KYC Review - Vanguard Steel & Mining Corp,KYC Review,KYC Operations,Medium,Medium,Closed,"Periodic review of corporate registration, ultimate beneficial ownership (UBO) structure (>25%), and proof of operating address. Counterparty: Vanguard Steel & Mining Corp. Request initiated by Trade Operations.",Hannah Schmidt,hannah.schmidt@complyflow-demo.internal,Trade Operations,Chen Wei,chen.wei@complyflow-demo.internal,Sanctions Advisory,2026-07-25 00:55:45,2026-07-30 00:55:45,2026-07-26 00:27:57,120,0,0,,,0,,,Review concluded with rejection. Counterparty documentation failed verification under KYC Operations risk policy.,2026-07-25 00:44:45,2026-07-26 00:27:57
CR-2026-0099,PEP Review - Vanguard Steel & Mining Corp,PEP Review,Customer Onboarding,Critical,Critical,Rejected,Screening alert match identifying a non-executive director with senior political nexus; enhanced due diligence required. Counterparty: Vanguard Steel & Mining Corp. Request initiated by Corporate Onboarding.,Claire Dupont,claire.dupont@complyflow-demo.internal,Corporate Onboarding,Marcus Brody,marcus.brody@complyflow-demo.internal,Regulatory Operations,2026-09-25 02:35:36,2026-09-26 02:35:36,,24,1,1,Rachel Kensington,2026-09-25 10:24:36,0,,,Review completed; awaiting final administrative filing.,2026-09-25 01:06:36,2026-09-25 08:11:08
CR-2026-0100,KYC Review - Zephyr Commercial Freight,KYC Review,Customer Onboarding,High,High,Closed,"Periodic review of corporate registration, ultimate beneficial ownership (UBO) structure (>25%), and proof of operating address. Counterparty: Zephyr Commercial Freight. Request initiated by Corporate Onboarding.",Claire Dupont,claire.dupont@complyflow-demo.internal,Corporate Onboarding,Chen Wei,chen.wei@complyflow-demo.internal,Sanctions Advisory,2026-07-23 01:49:43,2026-07-26 01:49:43,2026-07-23 17:20:19,72,0,1,Arthur Pendelton,2026-07-23 14:26:24,0,,,Review successfully concluded and verified under Customer Onboarding compliance requirements.,2026-07-23 00:10:43,2026-07-23 17:20:19
CR-2026-0101,Policy Exception - Solaris Capital Partners,Policy Exception,Policy & Governance,High,High,Under Review,Trading desk seeking temporary 5-day risk limit headroom variance pending quarterly settlement window. Counterparty: Solaris Capital Partners. Request initiated by Corporate Onboarding.,Claire Dupont,claire.dupont@complyflow-demo.internal,Corporate Onboarding,Elena Vance,elena.vance@complyflow-demo.internal,Financial Crime Compliance,2026-09-25 03:59:54,2026-09-28 03:59:54,,72,0,1,,,0,,,,2026-09-25 02:06:54,2026-09-25 08:33:08
CR-2026-0102,Sanctions Review - Atlas Clearing Services SA,Sanctions Review,Sanctions,Low,Low,Closed,Pre-trade vessel and counterparty screening for freight handling near conditional maritime jurisdictions. Counterparty: Atlas Clearing Services SA. Request initiated by Institutional Sales.,Mateo Silva,mateo.silva@complyflow-demo.internal,Institutional Sales,Marcus Brody,marcus.brody@complyflow-demo.internal,Regulatory Operations,2026-09-07 23:05:43,2026-09-17 23:05:43,2026-09-20 11:17:22,240,1,0,,,0,,,Review successfully concluded and verified under Sanctions compliance requirements.,2026-09-07 22:12:43,2026-09-20 11:17:22
CR-2026-0103,KYC Review - Atlas Clearing Services SA,KYC Review,KYC Operations,Medium,Medium,Closed,"Periodic review of corporate registration, ultimate beneficial ownership (UBO) structure (>25%), and proof of operating address. Counterparty: Atlas Clearing Services SA. Request initiated by Trade Operations.",Hannah Schmidt,hannah.schmidt@complyflow-demo.internal,Trade Operations,Liam O'Connor,liam.oconnor@complyflow-demo.internal,Sanctions Advisory,2026-08-26 08:15:42,2026-08-31 08:15:42,2026-08-27 22:21:07,120,0,0,,,0,,,Review successfully concluded and verified under KYC Operations compliance requirements.,2026-08-26 06:35:42,2026-08-27 22:21:07
CR-2026-0104,PEP Review - Beacon Renewable Assets AG,PEP Review,AML Operations,Critical,Critical,Closed,Screening alert match identifying a non-executive director with senior political nexus; enhanced due diligence required. Counterparty: Beacon Renewable Assets AG. Request initiated by Wealth Management.,Tariq Al-Mansoor,tariq.mansoor@complyflow-demo.internal,Wealth Management,Marcus Brody,marcus.brody@complyflow-demo.internal,Regulatory Operations,2026-08-08 11:16:46,2026-08-09 11:16:46,2026-08-09 04:20:26,24,0,1,Rachel Kensington,2026-08-09 01:17:42,0,,,Review successfully concluded and verified under AML Operations compliance requirements.,2026-08-08 10:18:46,2026-08-09 04:20:26
CR-2026-0105,KYC Review - Merlion Maritime Trading Ltd,KYC Review,KYC Operations,High,High,Closed,"Periodic review of corporate registration, ultimate beneficial ownership (UBO) structure (>25%), and proof of operating address. Counterparty: Merlion Maritime Trading Ltd. Request initiated by Wealth Management.",Tariq Al-Mansoor,tariq.mansoor@complyflow-demo.internal,Wealth Management,Liam O'Connor,liam.oconnor@complyflow-demo.internal,Sanctions Advisory,2026-07-18 03:11:09,2026-07-21 03:11:09,2026-07-18 21:24:44,72,0,1,David Sterling,2026-07-18 17:50:13,0,,,Review successfully concluded and verified under KYC Operations compliance requirements.,2026-07-18 02:32:09,2026-07-18 21:24:44
CR-2026-0106,AML Transaction Inquiry - Vanguard Steel & Mining Corp,AML Transaction Inquiry,AML Operations,Medium,Medium,Closed,Secondary investigation into structured cross-border wire transfers exceeding internal surveillance thresholds. Counterparty: Vanguard Steel & Mining Corp. Request initiated by Institutional Sales.,James Wilson,james.wilson@complyflow-demo.internal,Institutional Sales,Elena Vance,elena.vance@complyflow-demo.internal,Financial Crime Compliance,2026-08-31 07:06:27,2026-09-05 07:06:27,2026-09-03 07:42:15,120,0,0,,,0,,,Review successfully concluded and verified under AML Operations compliance requirements.,2026-08-31 06:21:27,2026-09-03 07:42:15
CR-2026-0107,Policy Exception - Crestview Private Wealth Trust,Policy Exception,Policy & Governance,High,High,Under Review,Trading desk seeking temporary 5-day risk limit headroom variance pending quarterly settlement window. Counterparty: Crestview Private Wealth Trust. Request initiated by Trade Operations.,Hannah Schmidt,hannah.schmidt@complyflow-demo.internal,Trade Operations,Elena Vance,elena.vance@complyflow-demo.internal,Financial Crime Compliance,2026-09-17 21:37:37,2026-09-20 21:37:37,,72,1,1,,,0,,,,2026-09-17 19:37:37,2026-09-17 22:45:36
CR-2026-0108,Sanctions Review - Delta Equity Asset Desk,Sanctions Review,Sanctions,High,High,Closed,Pre-trade vessel and counterparty screening for freight handling near conditional maritime jurisdictions. Counterparty: Delta Equity Asset Desk. Request initiated by Institutional Sales.,James Wilson,james.wilson@complyflow-demo.internal,Institutional Sales,Elena Vance,elena.vance@complyflow-demo.internal,Financial Crime Compliance,2026-08-30 05:19:26,2026-09-02 05:19:26,2026-09-01 00:19:37,72,0,1,David Sterling,2026-08-31 16:16:59,0,,,Review successfully concluded and verified under Sanctions compliance requirements.,2026-08-30 04:59:26,2026-09-01 00:19:37
CR-2026-0109,KYC Review - Beacon Renewable Assets AG,KYC Review,KYC Operations,Medium,Medium,Closed,"Periodic review of corporate registration, ultimate beneficial ownership (UBO) structure (>25%), and proof of operating address. Counterparty: Beacon Renewable Assets AG. Request initiated by Wealth Management.",Tariq Al-Mansoor,tariq.mansoor@complyflow-demo.internal,Wealth Management,Marcus Brody,marcus.brody@complyflow-demo.internal,Regulatory Operations,2026-09-18 13:55:16,2026-09-23 13:55:16,2026-09-19 23:39:20,120,0,0,,,0,,,Review successfully concluded and verified under KYC Operations compliance requirements.,2026-09-18 13:05:16,2026-09-19 23:39:20
CR-2026-0110,KYC Review - Apex Global Logistics Ltd,KYC Review,Customer Onboarding,Medium,Medium,Closed,"Periodic review of corporate registration, ultimate beneficial ownership (UBO) structure (>25%), and proof of operating address. Counterparty: Apex Global Logistics Ltd. Request initiated by Treasury.",Oliver Queen,oliver.queen@complyflow-demo.internal,Treasury,Elena Vance,elena.vance@complyflow-demo.internal,Financial Crime Compliance,2026-08-17 16:35:13,2026-08-22 16:35:13,2026-08-21 20:59:39,120,0,0,,,1,Operational Queue Manager,Complex jurisdictional nexus requiring specialist review.,Review successfully concluded and verified under Customer Onboarding compliance requirements.,2026-08-17 15:30:13,2026-08-21 20:59:39
CR-2026-0111,PEP Review - Vanguard Steel & Mining Corp,PEP Review,KYC Operations,High,High,Escalated,Screening alert match identifying a non-executive director with senior political nexus; enhanced due diligence required. Counterparty: Vanguard Steel & Mining Corp. Request initiated by Institutional Sales.,James Wilson,james.wilson@complyflow-demo.internal,Institutional Sales,Chen Wei,chen.wei@complyflow-demo.internal,Sanctions Advisory,2026-09-18 20:05:29,2026-09-21 20:05:29,,72,1,1,,,1,Compliance Team Lead,Automated escalation: Target SLA turnaround breached.,,2026-09-18 18:16:29,2026-09-18 22:19:01
CR-2026-0112,AML Transaction Inquiry - Apex Global Logistics Ltd,AML Transaction Inquiry,AML Operations,Low,Low,Closed,Secondary investigation into structured cross-border wire transfers exceeding internal surveillance thresholds. Counterparty: Apex Global Logistics Ltd. Request initiated by Trade Operations.,Hannah Schmidt,hannah.schmidt@complyflow-demo.internal,Trade Operations,Marcus Brody,marcus.brody@complyflow-demo.internal,Regulatory Operations,2026-08-25 15:30:18,2026-09-04 15:30:18,2026-08-29 08:31:30,240,0,0,,,0,,,Review successfully concluded and verified under AML Operations compliance requirements.,2026-08-25 15:20:18,2026-08-29 08:31:30
CR-2026-0113,AML Transaction Inquiry - Apex Global Logistics Ltd,AML Transaction Inquiry,AML Operations,High,High,Closed,Secondary investigation into structured cross-border wire transfers exceeding internal surveillance thresholds. Counterparty: Apex Global Logistics Ltd. Request initiated by Institutional Sales.,Mateo Silva,mateo.silva@complyflow-demo.internal,Institutional Sales,Aisha Patel,aisha.patel@complyflow-demo.internal,Financial Crime Compliance,2026-07-09 17:06:32,2026-07-12 17:06:32,2026-07-13 15:34:15,72,1,1,Arthur Pendelton,2026-07-12 21:00:54,0,,,Review successfully concluded and verified under AML Operations compliance requirements.,2026-07-09 16:19:32,2026-07-13 15:34:15
CR-2026-0114,Policy Exception - Delta Equity Asset Desk,Policy Exception,Policy & Governance,Medium,Medium,Closed,Trading desk seeking temporary 5-day risk limit headroom variance pending quarterly settlement window. Counterparty: Delta Equity Asset Desk. Request initiated by Treasury.,Oliver Queen,oliver.queen@complyflow-demo.internal,Treasury,Liam O'Connor,liam.oconnor@complyflow-demo.internal,Sanctions Advisory,2026-07-15 00:20:26,2026-07-20 00:20:26,2026-07-21 20:30:44,120,1,0,,,0,,,Review successfully concluded and verified under Policy & Governance compliance requirements.,2026-07-14 22:42:26,2026-07-21 20:30:44
CR-2026-0115,KYC Review - Beacon Renewable Assets AG,KYC Review,Customer Onboarding,Medium,Medium,Closed,"Periodic review of corporate registration, ultimate beneficial ownership (UBO) structure (>25%), and proof of operating address. Counterparty: Beacon Renewable Assets AG. Request initiated by Corporate Onboarding.",Grace Hopper,grace.hopper@complyflow-demo.internal,Corporate Onboarding,Aisha Patel,aisha.patel@complyflow-demo.internal,Financial Crime Compliance,2026-09-05 01:02:35,2026-09-10 01:02:35,2026-09-08 08:05:43,120,0,0,,,0,,,Review successfully concluded and verified under Customer Onboarding compliance requirements.,2026-09-05 00:01:35,2026-09-08 08:05:43
CR-2026-0116,Sanctions Review - Beacon Renewable Assets AG,Sanctions Review,Customer Onboarding,Critical,Critical,Closed,Pre-trade vessel and counterparty screening for freight handling near conditional maritime jurisdictions. Counterparty: Beacon Renewable Assets AG. Request initiated by Corporate Onboarding.,Grace Hopper,grace.hopper@complyflow-demo.internal,Corporate Onboarding,Chen Wei,chen.wei@complyflow-demo.internal,Sanctions Advisory,2026-08-19 22:00:13,2026-08-20 22:00:13,2026-08-20 17:36:38,24,0,1,Arthur Pendelton,2026-08-20 13:50:45,0,,,Review successfully concluded and verified under Customer Onboarding compliance requirements.,2026-08-19 20:13:13,2026-08-20 17:36:38
CR-2026-0117,PEP Review - Apex Global Logistics Ltd,PEP Review,Customer Onboarding,Medium,Medium,Under Review,Screening alert match identifying a non-executive director with senior political nexus; enhanced due diligence required. Counterparty: Apex Global Logistics Ltd. Request initiated by Treasury.,Oliver Queen,oliver.queen@complyflow-demo.internal,Treasury,Liam O'Connor,liam.oconnor@complyflow-demo.internal,Sanctions Advisory,2026-09-18 00:56:57,2026-09-23 00:56:57,,120,1,0,,,0,,,,2026-09-17 23:25:57,2026-09-18 08:35:27
CR-2026-0118,AML Transaction Inquiry - Zephyr Commercial Freight,AML Transaction Inquiry,AML Operations,Low,Low,Under Review,Secondary investigation into structured cross-border wire transfers exceeding internal surveillance thresholds. Counterparty: Zephyr Commercial Freight. Request initiated by Wealth Management.,Tariq Al-Mansoor,tariq.mansoor@complyflow-demo.internal,Wealth Management,Elena Vance,elena.vance@complyflow-demo.internal,Financial Crime Compliance,2026-09-22 10:42:16,2026-10-02 10:42:16,,240,0,0,,,0,,,,2026-09-22 10:23:16,2026-09-22 16:51:15
CR-2026-0119,PEP Review - Crestview Private Wealth Trust,PEP Review,AML Operations,Low,Low,Closed,Screening alert match identifying a non-executive director with senior political nexus; enhanced due diligence required. Counterparty: Crestview Private Wealth Trust. Request initiated by Corporate Onboarding.,Grace Hopper,grace.hopper@complyflow-demo.internal,Corporate Onboarding,Aisha Patel,aisha.patel@complyflow-demo.internal,Financial Crime Compliance,2026-09-01 02:43:31,2026-09-11 02:43:31,2026-09-09 14:29:42,240,0,0,,,0,,,Review successfully concluded and verified under AML Operations compliance requirements.,2026-09-01 01:20:31,2026-09-09 14:29:42
CR-2026-0120,PEP Review - Vanguard Steel & Mining Corp,PEP Review,AML Operations,Medium,High,Closed,Screening alert match identifying a non-executive director with senior political nexus; enhanced due diligence required. Counterparty: Vanguard Steel & Mining Corp. Request initiated by Corporate Onboarding.,Grace Hopper,grace.hopper@complyflow-demo.internal,Corporate Onboarding,Elena Vance,elena.vance@complyflow-demo.internal,Financial Crime Compliance,2026-07-25 22:41:28,2026-07-30 22:41:28,2026-07-27 17:04:54,120,0,0,,,0,,,Review successfully concluded and verified under AML Operations compliance requirements.,2026-07-25 21:06:28,2026-07-27 17:04:54
CR-2026-0121,KYC Review - Solaris Capital Partners,KYC Review,Customer Onboarding,Low,Low,Approved,"Periodic review of corporate registration, ultimate beneficial ownership (UBO) structure (>25%), and proof of operating address. Counterparty: Solaris Capital Partners. Request initiated by Institutional Sales.",Mateo Silva,mateo.silva@complyflow-demo.internal,Institutional Sales,Elena Vance,elena.vance@complyflow-demo.internal,Financial Crime Compliance,2026-09-23 00:17:50,2026-10-03 00:17:50,,240,0,0,,,0,,,Review completed; awaiting final administrative filing.,2026-09-22 23:09:50,2026-09-23 03:49:25
CR-2026-0122,Sanctions Review - Beacon Renewable Assets AG,Sanctions Review,Sanctions,High,Critical,Closed,Pre-trade vessel and counterparty screening for freight handling near conditional maritime jurisdictions. Counterparty: Beacon Renewable Assets AG. Request initiated by Wealth Management.,Tariq Al-Mansoor,tariq.mansoor@complyflow-demo.internal,Wealth Management,Liam O'Connor,liam.oconnor@complyflow-demo.internal,Sanctions Advisory,2026-06-28 17:47:49,2026-07-01 17:47:49,2026-06-30 19:21:46,72,0,1,David Sterling,2026-06-30 09:33:34,0,,,Review successfully concluded and verified under Sanctions compliance requirements.,2026-06-28 16:10:49,2026-06-30 19:21:46
CR-2026-0123,AML Transaction Inquiry - Boreal Energy Holdings,AML Transaction Inquiry,AML Operations,Medium,Medium,Closed,Secondary investigation into structured cross-border wire transfers exceeding internal surveillance thresholds. Counterparty: Boreal Energy Holdings. Request initiated by Institutional Sales.,Mateo Silva,mateo.silva@complyflow-demo.internal,Institutional Sales,Marcus Brody,marcus.brody@complyflow-demo.internal,Regulatory Operations,2026-07-28 05:53:07,2026-08-02 05:53:07,2026-08-01 04:23:07,120,0,0,,,0,,,Review concluded with rejection. Counterparty documentation failed verification under AML Operations risk policy.,2026-07-28 05:25:07,2026-08-01 04:23:07
CR-2026-0124,AML Transaction Inquiry - Delta Equity Asset Desk,AML Transaction Inquiry,AML Operations,Critical,Critical,Closed,Secondary investigation into structured cross-border wire transfers exceeding internal surveillance thresholds. Counterparty: Delta Equity Asset Desk. Request initiated by Treasury.,Oliver Queen,oliver.queen@complyflow-demo.internal,Treasury,Marcus Brody,marcus.brody@complyflow-demo.internal,Regulatory Operations,2026-07-11 08:12:08,2026-07-12 08:12:08,2026-07-11 21:03:23,24,0,1,Rachel Kensington,2026-07-11 20:04:10,1,Head of Compliance,Complex jurisdictional nexus requiring specialist review.,Review successfully concluded and verified under AML Operations compliance requirements.,2026-07-11 07:35:08,2026-07-11 21:03:23
CR-2026-0125,PEP Review - Atlas Clearing Services SA,PEP Review,Customer Onboarding,High,High,Closed,Screening alert match identifying a non-executive director with senior political nexus; enhanced due diligence required. Counterparty: Atlas Clearing Services SA. Request initiated by Institutional Sales.,Mateo Silva,mateo.silva@complyflow-demo.internal,Institutional Sales,Elena Vance,elena.vance@complyflow-demo.internal,Financial Crime Compliance,2026-09-15 07:55:46,2026-09-18 07:55:46,2026-09-20 14:40:07,72,1,1,Rachel Kensington,2026-09-19 13:43:27,0,,,Review successfully concluded and verified under Customer Onboarding compliance requirements.,2026-09-15 06:00:46,2026-09-20 14:40:07
CR-2026-0126,KYC Review - Delta Equity Asset Desk,KYC Review,KYC Operations,Critical,Critical,Draft,"Periodic review of corporate registration, ultimate beneficial ownership (UBO) structure (>25%), and proof of operating address. Counterparty: Delta Equity Asset Desk. Request initiated by Corporate Onboarding.",Grace Hopper,grace.hopper@complyflow-demo.internal,Corporate Onboarding,,,,2026-09-25 10:46:56,2026-09-26 10:46:56,,24,1,1,,,0,,,,2026-09-25 08:58:56,2026-09-25 17:26:01
CR-2026-0127,AML Transaction Inquiry - Crestview Private Wealth Trust,AML Transaction Inquiry,AML Operations,High,High,Closed,Secondary investigation into structured cross-border wire transfers exceeding internal surveillance thresholds. Counterparty: Crestview Private Wealth Trust. Request initiated by Trade Operations.,Hannah Schmidt,hannah.schmidt@complyflow-demo.internal,Trade Operations,Sofia Rodriguez,sofia.rodriguez@complyflow-demo.internal,Regulatory Operations,2026-08-11 14:58:40,2026-08-14 14:58:40,2026-08-16 16:52:35,72,1,1,Rachel Kensington,2026-08-15 16:51:36,0,,,Review successfully concluded and verified under AML Operations compliance requirements.,2026-08-11 14:10:40,2026-08-16 16:52:35
CR-2026-0128,AML Transaction Inquiry - Horizon Commodity Trading UK,AML Transaction Inquiry,AML Operations,Low,Medium,Closed,Secondary investigation into structured cross-border wire transfers exceeding internal surveillance thresholds. Counterparty: Horizon Commodity Trading UK. Request initiated by Trade Operations.,Hannah Schmidt,hannah.schmidt@complyflow-demo.internal,Trade Operations,Aisha Patel,aisha.patel@complyflow-demo.internal,Financial Crime Compliance,2026-09-07 03:45:10,2026-09-17 03:45:10,2026-09-14 16:55:56,240,0,0,,,0,,,Review successfully concluded and verified under AML Operations compliance requirements.,2026-09-07 03:34:10,2026-09-14 16:55:56
CR-2026-0129,AML Transaction Inquiry - Crestview Private Wealth Trust,AML Transaction Inquiry,Sanctions,High,High,Closed,Secondary investigation into structured cross-border wire transfers exceeding internal surveillance thresholds. Counterparty: Crestview Private Wealth Trust. Request initiated by Corporate Onboarding.,Claire Dupont,claire.dupont@complyflow-demo.internal,Corporate Onboarding,Liam O'Connor,liam.oconnor@complyflow-demo.internal,Sanctions Advisory,2026-06-29 00:55:55,2026-07-02 00:55:55,2026-06-30 12:47:58,72,0,1,Rachel Kensington,2026-06-30 05:51:34,0,,,Review concluded with rejection. Counterparty documentation failed verification under Sanctions risk policy.,2026-06-28 23:51:55,2026-06-30 12:47:58
CR-2026-0130,KYC Review - Zephyr Commercial Freight,KYC Review,KYC Operations,Medium,Medium,Under Review,"Periodic review of corporate registration, ultimate beneficial ownership (UBO) structure (>25%), and proof of operating address. Counterparty: Zephyr Commercial Freight. Request initiated by Institutional Sales.",Mateo Silva,mateo.silva@complyflow-demo.internal,Institutional Sales,Sofia Rodriguez,sofia.rodriguez@complyflow-demo.internal,Regulatory Operations,2026-09-17 03:06:11,2026-09-22 03:06:11,,120,1,0,,,0,,,,2026-09-17 02:25:11,2026-09-17 04:09:38
CR-2026-0131,PEP Review - Apex Global Logistics Ltd,PEP Review,AML Operations,High,High,Closed,Screening alert match identifying a non-executive director with senior political nexus; enhanced due diligence required. Counterparty: Apex Global Logistics Ltd. Request initiated by Wealth Management.,Tariq Al-Mansoor,tariq.mansoor@complyflow-demo.internal,Wealth Management,Sofia Rodriguez,sofia.rodriguez@complyflow-demo.internal,Regulatory Operations,2026-08-16 20:39:19,2026-08-19 20:39:19,2026-08-18 11:20:16,72,0,1,Arthur Pendelton,2026-08-18 04:10:52,0,,,Review concluded with rejection. Counterparty documentation failed verification under AML Operations risk policy.,2026-08-16 19:22:19,2026-08-18 11:20:16
CR-2026-0132,KYC Review - Vanguard Steel & Mining Corp,KYC Review,KYC Operations,Critical,Critical,Submitted,"Periodic review of corporate registration, ultimate beneficial ownership (UBO) structure (>25%), and proof of operating address. Counterparty: Vanguard Steel & Mining Corp. Request initiated by Institutional Sales.",Mateo Silva,mateo.silva@complyflow-demo.internal,Institutional Sales,,,Financial Crime Compliance,2026-09-25 06:28:07,2026-09-26 06:28:07,,24,1,1,,,0,,,,2026-09-25 05:37:07,2026-09-25 08:51:44
CR-2026-0133,AML Transaction Inquiry - Crestview Private Wealth Trust,AML Transaction Inquiry,AML Operations,Low,Medium,Closed,Secondary investigation into structured cross-border wire transfers exceeding internal surveillance thresholds. Counterparty: Crestview Private Wealth Trust. Request initiated by Wealth Management.,Tariq Al-Mansoor,tariq.mansoor@complyflow-demo.internal,Wealth Management,Sofia Rodriguez,sofia.rodriguez@complyflow-demo.internal,Regulatory Operations,2026-08-07 02:57:11,2026-08-17 02:57:11,2026-08-09 14:26:11,240,0,0,,,0,,,Review successfully concluded and verified under AML Operations compliance requirements.,2026-08-07 02:33:11,2026-08-09 14:26:11
CR-2026-0134,Policy Exception - Boreal Energy Holdings,Policy Exception,Policy & Governance,Medium,Medium,Rejected,Trading desk seeking temporary 5-day risk limit headroom variance pending quarterly settlement window. Counterparty: Boreal Energy Holdings. Request initiated by Institutional Sales.,Mateo Silva,mateo.silva@complyflow-demo.internal,Institutional Sales,Sofia Rodriguez,sofia.rodriguez@complyflow-demo.internal,Regulatory Operations,2026-09-19 00:31:18,2026-09-24 00:31:18,,120,1,0,,,0,,,Review completed; awaiting final administrative filing.,2026-09-18 22:56:18,2026-09-19 03:37:13
CR-2026-0135,PEP Review - Novalink Digital Payments,PEP Review,KYC Operations,Medium,Medium,Pending Approval,Screening alert match identifying a non-executive director with senior political nexus; enhanced due diligence required. Counterparty: Novalink Digital Payments. Request initiated by Corporate Onboarding.,Grace Hopper,grace.hopper@complyflow-demo.internal,Corporate Onboarding,Liam O'Connor,liam.oconnor@complyflow-demo.internal,Sanctions Advisory,2026-09-17 17:07:10,2026-09-22 17:07:10,,120,1,1,,,0,,,,2026-09-17 15:46:10,2026-09-17 19:58:41
CR-2026-0136,KYC Review - Beacon Renewable Assets AG,KYC Review,KYC Operations,High,High,Closed,"Periodic review of corporate registration, ultimate beneficial ownership (UBO) structure (>25%), and proof of operating address. Counterparty: Beacon Renewable Assets AG. Request initiated by Institutional Sales.",Mateo Silva,mateo.silva@complyflow-demo.internal,Institutional Sales,Marcus Brody,marcus.brody@complyflow-demo.internal,Regulatory Operations,2026-09-06 14:10:38,2026-09-09 14:10:38,2026-09-11 20:53:51,72,1,1,David Sterling,2026-09-10 19:57:12,0,,,Review concluded with rejection. Counterparty documentation failed verification under KYC Operations risk policy.,2026-09-06 12:38:38,2026-09-11 20:53:51
CR-2026-0137,KYC Review - Novalink Digital Payments,KYC Review,KYC Operations,High,High,Closed,"Periodic review of corporate registration, ultimate beneficial ownership (UBO) structure (>25%), and proof of operating address. Counterparty: Novalink Digital Payments. Request initiated by Institutional Sales.",Mateo Silva,mateo.silva@complyflow-demo.internal,Institutional Sales,Marcus Brody,marcus.brody@complyflow-demo.internal,Regulatory Operations,2026-07-21 01:28:21,2026-07-24 01:28:21,2026-07-22 16:32:28,72,0,1,Rachel Kensington,2026-07-22 08:55:27,0,,,Review successfully concluded and verified under KYC Operations compliance requirements.,2026-07-20 23:53:21,2026-07-22 16:32:28
CR-2026-0138,AML Transaction Inquiry - Novalink Digital Payments,AML Transaction Inquiry,AML Operations,Medium,Medium,Closed,Secondary investigation into structured cross-border wire transfers exceeding internal surveillance thresholds. Counterparty: Novalink Digital Payments. Request initiated by Institutional Sales.,Mateo Silva,mateo.silva@complyflow-demo.internal,Institutional Sales,Chen Wei,chen.wei@complyflow-demo.internal,Sanctions Advisory,2026-07-24 21:17:31,2026-07-29 21:17:31,2026-07-27 07:57:47,120,0,0,,,0,,,Review successfully concluded and verified under AML Operations compliance requirements.,2026-07-24 19:30:31,2026-07-27 07:57:47
CR-2026-0139,Sanctions Review - Novalink Digital Payments,Sanctions Review,Customer Onboarding,Medium,Medium,Closed,Pre-trade vessel and counterparty screening for freight handling near conditional maritime jurisdictions. Counterparty: Novalink Digital Payments. Request initiated by Corporate Onboarding.,Claire Dupont,claire.dupont@complyflow-demo.internal,Corporate Onboarding,Liam O'Connor,liam.oconnor@complyflow-demo.internal,Sanctions Advisory,2026-07-22 21:34:59,2026-07-27 21:34:59,2026-07-26 22:00:50,120,0,0,,,0,,,Review successfully concluded and verified under Customer Onboarding compliance requirements.,2026-07-22 20:49:59,2026-07-26 22:00:50
CR-2026-0140,KYC Review - Solaris Capital Partners,KYC Review,KYC Operations,Critical,Critical,Closed,"Periodic review of corporate registration, ultimate beneficial ownership (UBO) structure (>25%), and proof of operating address. Counterparty: Solaris Capital Partners. Request initiated by Wealth Management.",Tariq Al-Mansoor,tariq.mansoor@complyflow-demo.internal,Wealth Management,Chen Wei,chen.wei@complyflow-demo.internal,Sanctions Advisory,2026-08-25 21:23:21,2026-08-26 21:23:21,2026-08-27 15:16:55,24,1,1,Arthur Pendelton,2026-08-27 07:24:36,0,,,Review successfully concluded and verified under KYC Operations compliance requirements.,2026-08-25 20:42:21,2026-08-27 15:16:55
CR-2026-0141,KYC Review - Atlas Clearing Services SA,KYC Review,Customer Onboarding,Medium,High,Submitted,"Periodic review of corporate registration, ultimate beneficial ownership (UBO) structure (>25%), and proof of operating address. Counterparty: Atlas Clearing Services SA. Request initiated by Corporate Onboarding.",Grace Hopper,grace.hopper@complyflow-demo.internal,Corporate Onboarding,,,Sanctions Advisory,2026-09-26 00:49:02,2026-10-01 00:49:02,,120,0,0,,,0,,,,2026-09-26 00:38:02,2026-09-26 08:09:13
CR-2026-0142,KYC Review - Merlion Maritime Trading Ltd,KYC Review,Customer Onboarding,Low,Low,Closed,"Periodic review of corporate registration, ultimate beneficial ownership (UBO) structure (>25%), and proof of operating address. Counterparty: Merlion Maritime Trading Ltd. Request initiated by Trade Operations.",Hannah Schmidt,hannah.schmidt@complyflow-demo.internal,Trade Operations,Elena Vance,elena.vance@complyflow-demo.internal,Financial Crime Compliance,2026-07-24 20:24:51,2026-08-03 20:24:51,2026-08-02 04:42:11,240,0,0,,,0,,,Review successfully concluded and verified under Customer Onboarding compliance requirements.,2026-07-24 20:02:51,2026-08-02 04:42:11
CR-2026-0143,AML Transaction Inquiry - Apex Global Logistics Ltd,AML Transaction Inquiry,AML Operations,Critical,Critical,Escalated,Secondary investigation into structured cross-border wire transfers exceeding internal surveillance thresholds. Counterparty: Apex Global Logistics Ltd. Request initiated by Corporate Onboarding.,Grace Hopper,grace.hopper@complyflow-demo.internal,Corporate Onboarding,Chen Wei,chen.wei@complyflow-demo.internal,Sanctions Advisory,2026-09-13 22:49:42,2026-09-14 22:49:42,,24,1,1,,,1,Head of Compliance,Automated escalation: Target SLA turnaround breached.,,2026-09-13 22:33:42,2026-09-14 03:50:50
CR-2026-0144,Sanctions Review - Solaris Capital Partners,Sanctions Review,Sanctions,Critical,Critical,Closed,Pre-trade vessel and counterparty screening for freight handling near conditional maritime jurisdictions. Counterparty: Solaris Capital Partners. Request initiated by Institutional Sales.,Mateo Silva,mateo.silva@complyflow-demo.internal,Institutional Sales,Liam O'Connor,liam.oconnor@complyflow-demo.internal,Sanctions Advisory,2026-07-04 03:02:25,2026-07-05 03:02:25,2026-07-04 09:46:13,24,0,1,Rachel Kensington,2026-07-04 08:57:27,1,Head of Compliance,Complex jurisdictional nexus requiring specialist review.,Review successfully concluded and verified under Sanctions compliance requirements.,2026-07-04 02:53:25,2026-07-04 09:46:13
CR-2026-0145,Policy Exception - Crestview Private Wealth Trust,Policy Exception,Policy & Governance,Medium,Medium,Closed,Trading desk seeking temporary 5-day risk limit headroom variance pending quarterly settlement window. Counterparty: Crestview Private Wealth Trust. Request initiated by Treasury.,Oliver Queen,oliver.queen@complyflow-demo.internal,Treasury,Sofia Rodriguez,sofia.rodriguez@complyflow-demo.internal,Regulatory Operations,2026-07-07 18:56:11,2026-07-12 18:56:11,2026-07-09 05:07:57,120,0,0,,,0,,,Review concluded with rejection. Counterparty documentation failed verification under Policy & Governance risk policy.,2026-07-07 18:34:11,2026-07-09 05:07:57
CR-2026-0146,PEP Review - Atlas Clearing Services SA,PEP Review,KYC Operations,Low,Low,Closed,Screening alert match identifying a non-executive director with senior political nexus; enhanced due diligence required. Counterparty: Atlas Clearing Services SA. Request initiated by Wealth Management.,Tariq Al-Mansoor,tariq.mansoor@complyflow-demo.internal,Wealth Management,Marcus Brody,marcus.brody@complyflow-demo.internal,Regulatory Operations,2026-07-25 09:46:42,2026-08-04 09:46:42,2026-07-31 09:05:04,240,0,0,,,0,,,Review successfully concluded and verified under KYC Operations compliance requirements.,2026-07-25 09:17:42,2026-07-31 09:05:04
CR-2026-0147,PEP Review - Horizon Commodity Trading UK,PEP Review,Customer Onboarding,Low,Medium,Closed,Screening alert match identifying a non-executive director with senior political nexus; enhanced due diligence required. Counterparty: Horizon Commodity Trading UK. Request initiated by Wealth Management.,Tariq Al-Mansoor,tariq.mansoor@complyflow-demo.internal,Wealth Management,Marcus Brody,marcus.brody@complyflow-demo.internal,Regulatory Operations,2026-09-18 03:33:29,2026-09-28 03:33:29,2026-09-21 12:24:48,240,0,0,,,0,,,Review successfully concluded and verified under Customer Onboarding compliance requirements.,2026-09-18 02:39:29,2026-09-21 12:24:48
CR-2026-0148,PEP Review - Crestview Private Wealth Trust,PEP Review,Customer Onboarding,High,Critical,Closed,Screening alert match identifying a non-executive director with senior political nexus; enhanced due diligence required. Counterparty: Crestview Private Wealth Trust. Request initiated by Institutional Sales.,James Wilson,james.wilson@complyflow-demo.internal,Institutional Sales,Chen Wei,chen.wei@complyflow-demo.internal,Sanctions Advisory,2026-08-24 13:12:18,2026-08-27 13:12:18,2026-08-26 21:07:08,72,0,1,Rachel Kensington,2026-08-26 10:14:10,0,,,Review successfully concluded and verified under Customer Onboarding compliance requirements.,2026-08-24 12:16:18,2026-08-26 21:07:08
CR-2026-0149,AML Transaction Inquiry - Novalink Digital Payments,AML Transaction Inquiry,AML Operations,Critical,Critical,Closed,Secondary investigation into structured cross-border wire transfers exceeding internal surveillance thresholds. Counterparty: Novalink Digital Payments. Request initiated by Trade Operations.,Hannah Schmidt,hannah.schmidt@complyflow-demo.internal,Trade Operations,Liam O'Connor,liam.oconnor@complyflow-demo.internal,Sanctions Advisory,2026-06-29 14:58:00,2026-06-30 14:58:00,2026-06-30 09:54:06,24,0,1,Arthur Pendelton,2026-06-30 06:40:17,0,,,Review successfully concluded and verified under AML Operations compliance requirements.,2026-06-29 14:06:00,2026-06-30 09:54:06
CR-2026-0150,Sanctions Review - Atlas Clearing Services SA,Sanctions Review,Sanctions,Medium,Medium,Closed,Pre-trade vessel and counterparty screening for freight handling near conditional maritime jurisdictions. Counterparty: Atlas Clearing Services SA. Request initiated by Institutional Sales.,James Wilson,james.wilson@complyflow-demo.internal,Institutional Sales,Sofia Rodriguez,sofia.rodriguez@complyflow-demo.internal,Regulatory Operations,2026-09-09 12:10:23,2026-09-14 12:10:23,2026-09-10 23:09:15,120,0,0,,,0,,,Review successfully concluded and verified under Sanctions compliance requirements.,2026-09-09 10:19:23,2026-09-10 23:09:15
